[1, -2.8369253317462366, -2.5869790516295375, -0.9106054306030273, -1.1672476095012208, 1.7543997764587402, 4.645486831665039, -1.172258702381336, -0.20996743199286425, 0.19602310781800503, 0.58250797539763, -3.0468359473271827, 0.29456722796930584]
[2, -2.8213737646686, -2.4847761593260707, -1.1114845275878906, -1.0654195112041016, 1.7536931037902832, 4.661397933959961, -1.114338557083735, -0.20993826850832276, 0.19603155132403155, 0.5822451122308836, -3.0466342908878947, 0.2946150008073268]
[3, -2.8024302164660853, -2.3885208568968714, -1.2981157302856445, -0.9718387883952637, 1.7527461051940918, 4.680424690246582, -1.0512343866632408, -0.21000601436846822, 0.19598037761026055, 0.5824714082906028, -3.0468803525175474, 0.29456089526299684]
[4, -2.786410156880514, -2.321196218530172, -1.426854133605957, -0.9074247640422364, 1.7519431114196777, 4.696625709533691, -1.0028355499806445, -0.20998169346607828, 0.19601847137912837, 0.5824746326330775, -3.0468239900730696, 0.2946394234541774]
[5, -2.771813933049337, -2.25048889736318, -1.5600519180297852, -0.8422468465617676, 1.7510809898376465, 4.711362838745117, -0.949721307781747, -0.20502982155337607, 0.19603850612179985, 0.5824782689542588, -3.046799594574542, 0.29455099208178387]
[6, -2.750876490269796, -2.185838838616842, -1.680283546447754, -0.7828481954387208, 1.749870777130127, 4.732537269592285, -0.8976624658582216, -0.2050261689793285, 0.19601597279529143, 0.5824703275280336, -3.0467926292987, 0.2946087890208767]
[7, -2.730605427418844, -2.12282194713735, -1.7951059341430664, -0.7273281377604981, 1.7486014366149902, 4.7530293464660645, -0.845773204444053, -0.20219102842622882, 0.19607469697431218, 0.5824486140107756, -3.0467395092972307, 0.2946378419101849]
[8, -2.7023091951953333, -2.057488103906149, -1.912095069885254, -0.6707208913615723, 1.746635913848877, 4.781597137451172, -0.7897116901014558, -0.20217665093502638, 0.19600775766502088, 0.5824875860296056, -3.046833654881284, 0.29454797576516595]
[9, -2.678819243107931, -1.9987360439696253, -2.0142393112182617, -0.6231430333903809, 1.7449469566345215, 4.805299758911133, -0.7397373487682101, -0.19788998988456294, 0.19602887300100166, 0.5824994305016471, -3.046796279255068, 0.2945743689415357]
[10, -2.64573318163027, -1.9351393185057582, -2.112124443054199, -0.5830200475505372, 1.7423834800720215, 4.8387250900268555, -0.6885523263979495, -0.19787953059937344, 0.19940444788721742, 0.5824671914925171, -3.046746445890696, 0.2946093646577635]
[11, -2.6058653036700647, -1.87329163173818, -2.212521553039551, -0.5377167028239747, 1.7390046119689941, 4.878904342651367, -0.6350889537636687, -0.19786959507595747, 0.1993538384299123, 0.5825285251207288, -3.046809563537089, 0.2945605445710455]
[12, -2.574153725300924, -1.8203503094115199, -2.2942934036254883, -0.5035436910441895, 1.7361416816711426, 4.9109086990356445, -0.5915227272156054, -0.19385487302731166, 0.19936699450872897, 0.5824478228238533, -3.046817228866837, 0.29457225716768887]
[13, -2.5156007448779505, -1.7491733036436976, -2.3986635208129883, -0.4607885640910645, 1.730391025543213, 4.969791889190674, -0.5330654903843676, -0.19386730841338407, 0.1993591188341273, 0.582547160209853, -3.0468111467735817, 0.29456725518439203]
[14, -2.4508422056781214, -1.680321832696432, -2.4917192459106445, -0.42635901392016606, 1.72337007522583, 5.034961700439453, -0.47955868906340987, -0.19385895941376768, 0.19937885939533706, 0.5824045279440406, -3.0467838922923116, 0.2945980629708004]
[15, -2.386775795613424, -1.6107827625670375, -2.5762548446655273, -0.4018934530070801, 1.7157864570617676, 5.099124908447266, -0.431222102314373, -0.1899882517802079, 0.19934298089523741, 0.5825259835302532, -3.046835564946506, 0.2945011487691261]
[16, -2.84280234972109, -2.499274869958395, -1.1086149215698242, -0.9346664708903809, 1.7085986137390137, 4.650341033935547, -1.1338874866055548, -0.1853649249579021, 0.1978749496986302, 0.5544629202540903, -2.9278172242370726, 0.23656100885709472]
[17, -2.8281400839435022, -2.417874952355856, -1.2680788040161133, -0.8545854848674317, 1.7061305046081543, 4.66494083404541, -1.0809038522938972, -0.18533721448072918, 0.19774372940352233, 0.5543629969972097, -2.9278218668362266, 0.23653336529113086]
[18, -2.8091092745410364, -2.3457137546935023, -1.4078283309936523, -0.7845028203776856, 1.7028717994689941, 4.6838059425354, -1.028862421447004, -0.18870327939064757, 0.19772840484312182, 0.5543565478520077, -2.927868330362458, 0.23648681518471262]
[19, -2.7950246969806116, -2.2775684795775355, -1.5379714965820312, -0.7206018728068848, 1.7005105018615723, 4.697760581970215, -0.9774805729393157, -0.18522968897155195, 0.197766633406818, 0.554318837335679, -2.9278108258502837, 0.23656319274833618]
[20, -2.778956715260641, -2.210557600060934, -1.664412498474121, -0.6592129033854981, 1.697680950164795, 4.713601112365723, -0.9241890676105711, -0.18141450585176658, 0.19769093848450137, 0.5543796519574195, -2.9278873866293407, 0.2364648073864605]
[21, -2.755698029194967, -2.147792478600973, -1.7809667587280273, -0.6024730962565918, 1.6935925483703613, 4.736618995666504, -0.8713718474196377, -0.18260231657073211, 0.19773775142885305, 0.5543459212101332, -2.9278355806430656, 0.23650806519375225]
[22, -2.7338016668902796, -2.079680105248922, -1.9048585891723633, -0.5440653127482911, 1.689683437347412, 4.758200645446777, -0.813563196826049, -0.17786782112472846, 0.19774147789372723, 0.5543925243795628, -2.927826175969364, 0.23651010747644063]
[23, -2.7108281294452112, -2.0241457424559535, -2.00374698638916, -0.4980829519084473, 1.6854872703552246, 4.780890464782715, -0.7652267780117306, -0.17563830800835117, 0.19771612239693992, 0.5543638362338541, -2.92786872547541, 0.23647933948578556]
[24, -2.683613363896505, -1.9664575062193812, -2.103775978088379, -0.4526994985393067, 1.68043851852417, 4.807692527770996, -0.7147666777162414, -0.17326111278373796, 0.19773227299010918, 0.5544055696147236, -2.927844345330332, 0.23646019930848333]
[25, -2.644808594380514, -1.908943315545553, -2.200657844543457, -0.409198598270752, 1.6731362342834473, 4.845973014831543, -0.6633440178602638, -0.175851684713286, 0.19774491579670467, 0.5543450183161933, -2.9278154721723717, 0.236545964233725]
[26, -2.6032994429217737, -1.8438383541502894, -2.3028459548950195, -0.36808665216479497, 1.665102481842041, 4.886786937713623, -0.6085276552439616, -0.17399509796272797, 0.19853220222240653, 0.5543754281633068, -2.9278211602321615, 0.23651263175279838]
[27, -2.555246655141012, -1.7836181126036585, -2.394536018371582, -0.33244116724047856, 1.6556305885314941, 4.934041976928711, -0.5578801419324656, -0.17397640194047537, 0.19850087285667933, 0.554327265509706, -2.9279254266136587, 0.2365060824361162]
[28, -2.512799088154928, -1.717814107934469, -2.48703670501709, -0.3022783559611817, 1.6471047401428223, 4.975625038146973, -0.5081437787639668, -0.16572351951022596, 0.1985382349869944, 0.5543836250693197, -2.927831739474233, 0.23655052684222774]
[29, -2.4307292143451136, -1.6397658787169398, -2.5865182876586914, -0.2754267019084473, 1.63014554977417, 5.056017875671387, -0.45042832374279707, -0.1675826545830246, 0.19849706936859468, 0.5543929824310038, -2.927899995621829, 0.2364358680067669]
[30, -2.352083985005514, -1.561584786777832, -2.6717824935913086, -0.2642696660808106, 1.6135773658752441, 5.1328959465026855, -0.40135157162681645, -0.16480966397461946, 0.19854221405354006, 0.5544049066456072, -2.9278086316536793, 0.2365137854908864]
[31, -2.8645389715777796, -2.494316717187399, -1.1194028854370117, -0.93183787286792, 1.7121930122375488, 4.628720283508301, -1.1340563282589446, -0.16007771360238587, 0.19697494492565387, 0.554418293419871, -2.9277862660319958, 0.23646808614655662]
[32, -2.8537777105914515, -2.4073950252928675, -1.2891244888305664, -0.8475549978068848, 1.71049165725708, 4.639397621154785, -1.0777149314896626, -0.1558304161230422, 0.19696396909492198, 0.5544012442068211, -2.9278159443484766, 0.23652102955070617]
[33, -2.8391874472247522, -2.3355657062926234, -1.428004264831543, -0.7785309118083497, 1.7080588340759277, 4.6538896560668945, -1.0261057253280308, -0.1557990053748268, 0.19690072321279356, 0.554361776126904, -2.92786816954563, 0.23648330439774817]
[34, -2.8234482447253626, -2.2697864971556605, -1.5535144805908203, -0.7166574758342286, 1.705411434173584, 4.669480800628662, -0.9757379969304343, -0.15577628563452037, 0.19693995265030284, 0.5543637234818133, -2.9278578145941014, 0.23646435024098872]
[35, -2.8058417479144495, -2.204106470147604, -1.6772336959838867, -0.6562841695598145, 1.702415943145752, 4.686923980712891, -0.9229393265282924, -0.1550470965732531, 0.1969370603985217, 0.554345484888493, -2.927862494449982, 0.23645512503005797]
[36, -2.7941511313067835, -2.143177648583883, -1.789942741394043, -0.6029890340617676, 1.7004389762878418, 4.698417663574219, -0.8731532076497217, -0.14813095483074218, 0.19694224161193058, 0.5544202493355144, -2.927847469802965, 0.23646082341792996]
[37, -2.771777931843893, -2.0830217800536097, -1.899552345275879, -0.5506895345500489, 1.6965537071228027, 4.720579147338867, -0.8214744816607346, -0.14837773538310894, 0.19693836560903138, 0.554380407422097, -2.9278557788872055, 0.2364933416098467]
[38, -2.7444399038897913, -2.01486935238027, -2.0207223892211914, -0.49429114282641606, 1.6917099952697754, 4.747583389282227, -0.7622140612635269, -0.14702153075179009, 0.19695306757827763, 0.5543963722760691, -2.9278240645537044, 0.23651877740235508]
[39, -2.7182536760913294, -1.9616333446898402, -2.1128549575805664, -0.45232756555590825, 1.6869854927062988, 4.773472785949707, -0.7154331676821489, -0.14700667631806758, 0.19695608666635242, 0.5543581230048269, -2.927853770813793, 0.23655207468119047]
[40, -2.691531483327047, -1.9135633907713832, -2.193812370300293, -0.41647131860766606, 1.6820216178894043, 4.799831390380859, -0.6733001245527998, -0.147011071646644, 0.19692506974011376, 0.5543674713457247, -2.927894982357748, 0.23648836143829274]
[41, -2.645541016255514, -1.8453012905516566, -2.304093360900879, -0.36948759973559575, 1.6733403205871582, 4.845158576965332, -0.6141487631286819, -0.14857823379855736, 0.19697800672949436, 0.554356520706122, -2.927808788053151, 0.23652132950924398]
[42, -2.618866268788473, -1.7821108303465785, -2.3998327255249023, -0.33442290246997075, 1.6682448387145996, 4.8713812828063965, -0.564222493370859, -0.13775745003696524, 0.19691704986847797, 0.5543718034679278, -2.9279311938302484, 0.23648171100760274]
[43, -2.547185722981588, -1.714879652062887, -2.4955530166625977, -0.29948027551684575, 1.65409517288208, 4.941844940185547, -0.5090933110332158, -0.14611170972509782, 0.1969283599859583, 0.5543758656876905, -2.9278969980981016, 0.23651629443938235]
[44, -2.4871228376971644, -1.6380568943419398, -2.5926809310913086, -0.27445586145434575, 1.6418890953063965, 5.0007476806640625, -0.45546308647423056, -0.14079355632883034, 0.19697963642077787, 0.5543431007617698, -2.9277615618550925, 0.23654366857352993]
[45, -2.4165402094470423, -1.5538833898356934, -2.6839494705200195, -0.2630832952312012, 1.627270221710205, 5.069796562194824, -0.4046399993089161, -0.13495837234952537, 0.1969235055302624, 0.5544367671147158, -2.9279046621757345, 0.23643212714385456]
[46, -2.8915556112872522, -2.5013300381102503, -1.1165800094604492, -0.9315498632243653, 1.716637134552002, 4.601816177368164, -1.1389115589502103, -0.13015508853728863, 0.19094799837495788, 0.5543769775153206, -2.9278062058649463, 0.23647476875301734]
[47, -2.876254383717672, -2.401592870751852, -1.3094005584716797, -0.8362901967814942, 1.714216709136963, 4.617021560668945, -1.0739797675843337, -0.13010891289251922, 0.1922167410841501, 0.5543629976150382, -2.9278443364142515, 0.23649253904117043]
[48, -2.862946335469381, -2.3320194683470667, -1.4441518783569336, -0.7692383092692872, 1.7120604515075684, 4.630197525024414, -1.0235104042022538, -0.1301271213435709, 0.19218493217086546, 0.5544030612957144, -2.927851736032385, 0.23647828837005816]
[49, -2.857237164174215, -2.2678381405272425, -1.5666866302490234, -0.7101600927165528, 1.7112221717834473, 4.6358184814453125, -0.9750405789734327, -0.12183028603288505, 0.19219057894689032, 0.5544250136978356, -2.9279202681921443, 0.23655617455336558]
[50, -2.8364346663104456, -2.2097088299193324, -1.6714353561401367, -0.6605909627727051, 1.7077593803405762, 4.656457901000977, -0.9293913585816816, -0.12806582335123326, 0.19449672979781568, 0.5544353875155603, -2.9278465652544714, 0.2365531764778118]
[51, -2.8156922499286097, -2.1411873302855433, -1.788853645324707, -0.6088836950114747, 1.7042250633239746, 4.677055358886719, -0.8759607404403458, -0.12968572532632655, 0.1985078656886286, 0.5543746165786358, -2.9278439910354814, 0.23649323146401463]
[52, -2.808223549519674, -2.0793448887267054, -1.8987855911254883, -0.5599134725383301, 1.7030158042907715, 4.684414863586426, -0.8255915271630276, -0.11887128590951246, 0.199169486000694, 0.5543761918631374, -2.9279479628430667, 0.23650745161418701]
[53, -2.7852256933795374, -2.018750330010885, -2.006096839904785, -0.5101440709880372, 1.6990246772766113, 4.707186698913574, -0.7732970158474062, -0.11885850463132627, 0.199194072503804, 0.5543544807905517, -2.9278773333113075, 0.23649133494194058]
[54, -2.7562125364886683, -1.952958723107809, -2.119227409362793, -0.45914729059252934, 1.6939406394958496, 4.73590087890625, -0.7162232247083065, -0.11886855377962335, 0.1992108823023181, 0.554325756157396, -2.9278537067318338, 0.2365472719997495]
[55, -2.7255950609790247, -1.892998834649557, -2.2186708450317383, -0.4160164159587403, 1.6884007453918457, 4.766124725341797, -0.6645661117186918, -0.11886776647173122, 0.19919457765642878, 0.5543618449474437, -2.9278562794790823, 0.23650892930165415]
[56, -2.6976473967181605, -1.8300863705077113, -2.3178815841674805, -0.37655337274584966, 1.6832680702209473, 4.793633460998535, -0.6125995122257489, -0.11361375497458095, 0.1992065443833287, 0.5544471821333813, -2.9278579880130007, 0.23647558944819447]
[57, -2.6539443174945276, -1.763738294641012, -2.4167261123657227, -0.33938200891528325, 1.6750788688659668, 4.836808681488037, -0.5589685056807518, -0.11358712273028776, 0.1991972381192044, 0.5543232098926216, -2.9279130498349395, 0.23651457827610636]
[58, -2.6051939169513147, -1.698589941064352, -2.506333351135254, -0.3100355428508301, 1.6656785011291504, 4.884762287139893, -0.5095028597834738, -0.11360240837489254, 0.19921284653913401, 0.554363053266302, -2.9278236462328624, 0.2365469529640916]
[59, -2.5377748648272913, -1.6183363399901332, -2.6048784255981445, -0.2858637136271973, 1.6522974967956543, 4.950952053070068, -0.4542451758525386, -0.11363739923671834, 0.19922327480422725, 0.5544332485202262, -2.9278060737007503, 0.2365328955319908]
[60, -2.4735100905047815, -1.5354345601848145, -2.691128730773926, -0.27781088769946294, 1.6392035484313965, 5.0139875411987305, -0.4061891158945527, -0.10911661282638944, 0.19920124571119496, 0.5543939169449676, -2.9278616043926204, 0.23648345144688596]
[61, -2.9149144331561487, -2.480027814904684, -1.1470308303833008, -0.9258936208537598, 1.7204585075378418, 4.578543663024902, -1.1311639628027752, -0.10153252486415625, 0.19627630427754617, 0.5543252741219218, -2.9278457918700953, 0.23652498786713788]
[62, -2.9034627119647425, -2.3995830021300257, -1.3040399551391602, -0.8476265233806153, 1.7186493873596191, 4.589901924133301, -1.0780171233251565, -0.10158214011382133, 0.19621053134539024, 0.5543500070464885, -2.927840775334229, 0.23647127327293238]
[63, -2.891735378895895, -2.330594678918356, -1.4371881484985352, -0.7818287175944825, 1.7168641090393066, 4.601515769958496, -1.0284288526632066, -0.10158766057695987, 0.19616069327486857, 0.5544075866906254, -2.9279088738826284, 0.23654878984383368]
[64, -2.8776572386371058, -2.260191103021139, -1.5712614059448242, -0.7160461705974122, 1.7146000862121582, 4.615556716918945, -0.9745691330391892, -0.10154468982727863, 0.196203730425132, 0.5542994036837515, -2.9278563405422897, 0.2365253282275868]
[65, -2.856267515813009, -2.1358171902098597, -1.802659034729004, -0.6059902471354981, 1.7111620903015137, 4.63667106628418, -0.8738160146464009, -0.09290112171560293, 0.19623835526506964, 0.5543901204614974, -2.927826354494635, 0.2365070562914772]
[66, -2.856279436741964, -2.13586487392568, -1.802729606628418, -0.6060026449016114, 1.7111735343933105, 4.6366472244262695, -0.8737823743118256, -0.09288184790373777, 0.19615772190733066, 0.5544192423686493, -2.927951363648245, 0.23650963710690606]
[67, -2.8373563925372522, -2.073752065698141, -1.9153051376342773, -0.5528343480876465, 1.7080349922180176, 4.655394554138184, -0.8208826070375373, -0.09290424628011547, 0.1962178890815956, 0.5544314200982174, -2.9278571779088463, 0.23650455568816736]
[68, -2.816111151372091, -2.01348414043569, -2.0221853256225586, -0.5033634465983887, 1.7044529914855957, 4.676458358764648, -0.7687334788176896, -0.09290888624793311, 0.19620782710802911, 0.5544141260531709, -2.9278673617123614, 0.23650392805276677]
[69, -2.7890542189227503, -1.947259088555807, -2.136103630065918, -0.4521244329265137, 1.699779987335205, 4.7033281326293945, -0.7112745232972671, -0.09286888874190927, 0.19622637357475545, 0.5542960086936954, -2.9278830171451897, 0.2364897494126282]
[70, -2.7709763685809534, -1.8921357593932093, -2.227288246154785, -0.41381152093920903, 1.69669771194458, 4.721141815185547, -0.6645571943467674, -0.08777693069634503, 0.19621666498605445, 0.5543861608299735, -2.9279031113919047, 0.23657322027031766]
[71, -2.7359042803393763, -1.8324181042113246, -2.322482109069824, -0.3739660543254395, 1.690354824066162, 4.755794525146484, -0.6139833855557292, -0.08990261702832834, 0.19622057419926964, 0.5544091703577574, -2.927795991347701, 0.23649627042870686]
[72, -2.7036669890033167, -1.7699905834593714, -2.4160337448120117, -0.3391779226115723, 1.6844916343688965, 4.787639141082764, -0.5639210852173837, -0.08686036424396504, 0.1962164829763709, 0.5543885397316656, -2.9278705210170055, 0.23651721101971848]
[73, -2.6515072027789515, -1.6945306263365687, -2.5203847885131836, -0.30461962640795903, 1.6746716499328613, 4.839084625244141, -0.5067650511841462, -0.08707494773447058, 0.19623662270825093, 0.5543641053011349, -2.9278287343635268, 0.23650409938903832]
[74, -2.59284478822817, -1.6188022098936976, -2.6134958267211914, -0.28154929101977544, 1.6633038520812988, 4.896787643432617, -0.4550974366463371, -0.08705762302045704, 0.1962302179882473, 0.5544128662211489, -2.9278286277186156, 0.23648630067828538]
[75, -2.516486708317892, -1.5286572736552735, -2.7071123123168945, -0.27160342157397466, 1.648064136505127, 4.971784591674805, -0.40254182242783065, -0.08706236790807878, 0.19625709472996467, 0.5543992621267787, -2.927771247564132, 0.2365525877253029]
[76, -2.935779873524801, -2.4856306515135707, -1.142293930053711, -0.9281585973552247, 1.723705768585205, 4.557636737823486, -1.1344905452246705, -0.07859651528202613, 0.19275503090175217, 0.5544060888041819, -2.927789143290186, 0.23645665951429207]
[77, -2.931031052266256, -2.400336881677145, -1.3087282180786133, -0.846297101383545, 1.7230582237243652, 4.5623064041137695, -1.078589617901129, -0.07195358532178366, 0.19275738867160447, 0.5544375649838758, -2.927777352715332, 0.23650125256618568]
[78, -2.9210062662707728, -2.333517690698141, -1.437943458557129, -0.7824648183635254, 1.721513271331787, 4.572304725646973, -1.0304961578354421, -0.07188675594200959, 0.19271426104023706, 0.5543875390489607, -2.927872298778081, 0.2364782381210304]
[79, -2.9100340048419397, -2.2557102642455042, -1.5718965530395508, -0.7247265142253418, 1.719871997833252, 4.5832014083862305, -0.9760480261803907, -0.0702538056110553, 0.19906810473786943, 0.554397421299804, -2.927917944645426, 0.23651692395423132]
[80, -2.897167507802145, -2.1943255863585414, -1.6865854263305664, -0.6694019597819825, 1.7178587913513184, 4.5959672927856445, -0.9270855065883635, -0.07050667452047929, 0.1991405112536216, 0.5544058835071448, -2.9277934716918677, 0.23651429579140326]
[81, -2.881015125905172, -2.1277367077269496, -1.811060905456543, -0.6092794698527833, 1.7153067588806152, 4.612013339996338, -0.8712183233785316, -0.07049660402144808, 0.19831453154917877, 0.5543977420215319, -2.9279087995335895, 0.23653477281263968]
[82, -2.8669613043414515, -2.071284910241598, -1.9128618240356445, -0.5619619649699708, 1.7130188941955566, 4.625993728637695, -0.8234739881350196, -0.06921447251585029, 0.19830643465967962, 0.5543389039014167, -2.927962594017407, 0.2364968213589051]
[83, -2.845938030873434, -2.0052324734129847, -2.0291318893432617, -0.5087402623942872, 1.7095446586608887, 4.646828651428223, -0.7668030757005675, -0.06921438736700869, 0.19833948754349748, 0.5543577103010701, -2.9278940436818006, 0.23646462102178498]
[84, -2.8335140387164515, -1.9492393932738246, -2.1243772506713867, -0.46769125879321294, 1.7075324058532715, 4.659122467041016, -0.7192457553083929, -0.06355306684287558, 0.19839143653609817, 0.5543503570151129, -2.927796967101525, 0.23652678276490227]
[85, -2.8087742964373987, -1.8888393841185511, -2.224123954772949, -0.4251001638225098, 1.70332670211792, 4.683662414550781, -0.6677921493306458, -0.0635419490275429, 0.19835392550456876, 0.5543216125993904, -2.9278740522230002, 0.23650811188955592]
[86, -2.7782743612872522, -1.824165483514303, -2.3259286880493164, -0.38402636468920903, 1.6980175971984863, 4.7138166427612305, -0.614071852733648, -0.06354439423604893, 0.19834564819066985, 0.5543843339633049, -2.9278521992753825, 0.23648051249569846]
[87, -2.7493210474597376, -1.755293985406393, -2.4270334243774414, -0.3481596273234864, 1.692873477935791, 4.742447853088379, -0.5599972381631615, -0.05903922756375809, 0.19837634336607324, 0.5543629700584576, -2.927802060852168, 0.23646234080407377]
[88, -2.707740132008688, -1.6866737804808558, -2.519965171813965, -0.31904108942065434, 1.6853547096252441, 4.783499240875244, -0.5092461330507912, -0.05905882671613794, 0.19836164554604394, 0.5544227425519765, -2.927868436737588, 0.23651251101135048]
[89, -2.655348841344015, -1.6094442806639613, -2.613112449645996, -0.2974270147136231, 1.675523281097412, 4.835166931152344, -0.4577747060851857, -0.05905804184703158, 0.19835167471125228, 0.5544351661939847, -2.927857218163554, 0.23649809560964527]
[90, -2.6044984499560755, -1.5244830411723633, -2.69962215423584, -0.2908829015544434, 1.6657147407531738, 4.885265350341797, -0.40986177102505555, -0.05444282648982004, 0.19833835066052588, 0.5543700368715717, -2.9278915237059113, 0.2364682321125255]
[91, -2.9649317900287073, -2.484878202477926, -1.1337900161743164, -0.9420011800578614, 1.728233814239502, 4.528480052947998, -1.137905079864264, -0.046307411616330105, 0.1972633419591131, 0.5544228372003066, -2.9278244319317634, 0.2364954657078915]
[92, -2.956129852925436, -2.4040690861144007, -1.2912168502807617, -0.8640220922282715, 1.7269883155822754, 4.53724479675293, -1.0852221867762357, -0.04629534156288874, 0.19726885987362974, 0.5544136013349449, -2.927840813760712, 0.23655203556524687]
[93, -2.9461527506457728, -2.328212400475973, -1.437272071838379, -0.7922933858684083, 1.7254910469055176, 4.547183513641357, -1.0311800242946823, -0.046255570943532096, 0.1972623355107781, 0.5543840643706417, -2.927869022004338, 0.23651789838616644]
[94, -2.9350484053241175, -2.257658144036764, -1.571272850036621, -0.7270887655070801, 1.7238497734069824, 4.558211326599121, -0.9774896357639553, -0.04628243978386861, 0.19729298567072062, 0.5543950847911295, -2.927810793985681, 0.23654602246384984]
[95, -2.927241865788595, -2.194529195825094, -1.689371109008789, -0.6709965032390137, 1.722663402557373, 4.565898895263672, -0.9272088870698286, -0.04281417270847196, 0.19726296784346722, 0.5544685043090689, -2.92785750230554, 0.23650723408303295]
[96, -2.9134038130389612, -2.1295954189696253, -1.8089570999145508, -0.6142957967570801, 1.7205185890197754, 4.579716682434082, -0.8734976997253161, -0.04296590342785814, 0.1972443464743736, 0.5543698749819947, -2.9279154745144615, 0.2364885763285014]
[97, -2.907827679310934, -2.0687815151610316, -1.918168067932129, -0.5649679464152833, 1.719740390777588, 4.585193634033203, -0.8224182906499986, -0.03553735579032226, 0.1972921522674368, 0.5543939170218286, -2.927797705089782, 0.2365563867330432]
[98, -2.889864746724264, -2.00278439144277, -2.0342226028442383, -0.5123041433146973, 1.71687650680542, 4.603017330169678, -0.765858633559333, -0.03550163552172923, 0.19729053399133034, 0.5544189250496087, -2.927828067781478, 0.23650524824174735]
[99, -2.8726092020617884, -1.9478832683958949, -2.127791404724121, -0.47098763406787114, 1.7141327857971191, 4.620108604431152, -0.7188290499856587, -0.03552438838164241, 0.19736697594966307, 0.5544698816082511, -2.927649886996458, 0.23654989317461597]
[100, -2.849325482045309, -1.883409162560934, -2.234156608581543, -0.4260109227946778, 1.710263729095459, 4.643301010131836, -0.6639785263858999, -0.035478703267863745, 0.19725495488498768, 0.5543550981077777, -2.927873874818547, 0.236468650553869]
[101, -2.8490501085864466, -1.8827382526793421, -2.2352209091186523, -0.4255440992167969, 1.710263729095459, 4.64354133605957, -0.663423047458434, -0.03549605005229292, 0.19726542179041756, 0.5544056018153228, -2.9278260795454085, 0.2365358081690022]
[102, -2.8222513834582728, -1.8186632595457972, -2.3354310989379883, -0.38575060785327153, 1.7057347297668457, 4.670114040374756, -0.6105414283910802, -0.035512692232724796, 0.19729154072013033, 0.5544078623757135, -2.9278242236127325, 0.2364851709192443]
[103, -2.7607348600970667, -1.68546785930776, -2.522751808166504, -0.3237360280803223, 1.6950669288635254, 4.731040954589844, -0.5092785880644874, -0.03224514142419379, 0.19726979053748334, 0.5543879975260151, -2.9278618972721473, 0.23651256470034973]
[104, -2.71242601076235, -1.604973932305807, -2.6192407608032227, -0.301990346317627, 1.6863141059875488, 4.77878475189209, -0.4561030959025587, -0.03223825533503884, 0.1972742689330909, 0.5544005153525716, -2.9278513802708455, 0.2365069934067632]
[105, -2.6783865133868616, -1.5231741231730958, -2.701554298400879, -0.2977512639812012, 1.6800074577331543, 4.812370777130127, -0.41040055790989843, -0.02469261830023203, 0.19725152987958067, 0.5543842025594089, -2.927913091318884, 0.23647531344856706]
[106, -2.990471665059225, -2.4903141460814417, -1.1221895217895508, -0.9522608083537598, 1.7320799827575684, 4.50294828414917, -1.141844735814547, -0.01815835608481607, 0.19727033957918508, 0.5543627424353186, -2.927837866360154, 0.2365320320267857]
[107, -2.982152048741476, -2.4006954632201136, -1.2966489791870117, -0.8659866613200684, 1.730882167816162, 4.51125431060791, -1.0836166160606184, -0.018096473424062943, 0.1973196613514635, 0.5543119202677936, -2.92775495476153, 0.23648065791507164]
[108, -2.973745648060934, -2.327110906640524, -1.4382543563842773, -0.7967031759074708, 1.7296719551086426, 4.519608497619629, -1.031127920123041, -0.018112501643222825, 0.19727242240071224, 0.5543244544170732, -2.9278303051653753, 0.23646896201501022]
[109, -2.964799944554464, -2.260705133477682, -1.5645074844360352, -0.7355669301799317, 1.728437900543213, 4.528515815734863, -0.9806272147033291, -0.01811313694453701, 0.1971860100663414, 0.5543194057667646, -2.927950494249073, 0.23656613334451818]
[110, -2.954582993184225, -2.195979734460348, -1.6855783462524414, -0.6776378911784668, 1.7268929481506348, 4.538586139678955, -0.9291278168341188, -0.018151839826669326, 0.19721963939538795, 0.5544431024151755, -2.927942076786485, 0.2364819212489886]
[111, -2.951237503682272, -2.1383701763548792, -1.7912683486938477, -0.6289165777019043, 1.7264494895935059, 4.541926860809326, -0.8818436864301303, -0.012016191867208825, 0.19727640518184958, 0.5543520318880986, -2.9278333734707647, 0.23649579200975493]
[112, -2.9368112722979944, -2.0678116283812464, -1.918623924255371, -0.5699032110026856, 1.7243170738220215, 4.556211948394775, -0.8222814727989002, -0.012051527573261327, 0.19724602696540505, 0.5544381639890371, -2.9278178594293354, 0.23653064704569735]
[113, -2.922349278126852, -2.0069161854186, -2.02559757232666, -0.5216530126384278, 1.7221245765686035, 4.570652484893799, -0.7702090483771564, -0.01203378144652767, 0.1972608570108705, 0.5543477985214792, -2.927864356194121, 0.23655754251304503]
[114, -2.9062088171588343, -1.948014875451559, -2.1260900497436523, -0.47759802759204106, 1.7196202278137207, 4.586670875549316, -0.7197712133124411, -0.012039854394147575, 0.1972720201768301, 0.5543782281141547, -2.927806074281252, 0.23655704296052033]
[115, -2.8846123854266565, -1.880016943017477, -2.237654685974121, -0.4309004110148926, 1.7161221504211426, 4.608121871948242, -0.662222035110758, -0.01203829277252318, 0.19726615095238118, 0.5543819319977134, -2.9278419472272534, 0.23644508505917095]
[116, -2.878364864979879, -1.8198353252806605, -2.330763816833496, -0.3971269887736817, 1.7152113914489746, 4.6142473220825195, -0.6128633452987238, -0.0026901972644900775, 0.1972428380006458, 0.5544288627738587, -2.9278780213270146, 0.23650348870672333]
[117, -2.8529160658465784, -1.755305906335348, -2.4252920150756836, -0.3634641927531739, 1.7110543251037598, 4.639517784118652, -0.5620871350264471, -0.0026863092529673498, 0.19727162482617133, 0.5544259746153977, -2.9278180526875484, 0.23651018094392828]
[118, -2.823496166859762, -1.689467569390768, -2.5143003463745117, -0.33627207696948247, 1.706118106842041, 4.668764114379883, -0.5135895829321283, -0.0026646281419265387, 0.19726328925699899, 0.5543466779159482, -2.927845664621553, 0.23650781545275246]
[119, -2.7815406958209437, -1.6063009701170863, -2.6141653060913086, -0.3141182225993653, 1.698880672454834, 4.710357666015625, -0.45851456700508747, -0.0026870622363491803, 0.19726472802691364, 0.5543330791292455, -2.9278826823355497, 0.23651255976605795]
[120, -2.7313745657550257, -1.5160296720317383, -2.705245018005371, -0.3071773809245606, 1.6899113655090332, 4.759900093078613, -0.4077540108170751, -0.0026873822036931096, 0.19725308652644175, 0.5544716855311552, -2.927865817590749, 0.23648685789459456]
[121, -3.0173071066485804, -2.4874469242491664, -1.1285161972045898, -0.9532078069499512, 1.735985279083252, 4.476019859313965, -1.1394868311178412, 0.012344581775115163, 0.1963820097514788, 0.5543856081249265, -2.9278294004981418, 0.23652087525525117]
[122, -3.0024104754077356, -2.4090458355345667, -1.281672477722168, -0.8760460180095215, 1.7338652610778809, 4.4909563064575195, -1.0887482700359652, 0.0028070439112932236, 0.19634561707826956, 0.5543207190355731, -2.927895345316025, 0.23649922330382053]
[123, -3.00625449815859, -2.3339601955809535, -1.4257745742797852, -0.8076456350139161, 1.7344880104064941, 4.487030982971191, -1.0354480905575223, 0.01426681819381221, 0.19636964834963705, 0.5543354412380919, -2.9278662411006025, 0.23649405170529786]
[124, -2.9979198614703577, -2.2576939068236292, -1.570662498474121, -0.7377012533000489, 1.7333502769470215, 4.495288848876953, -0.9775654108248735, 0.014259840659529992, 0.1963408004972912, 0.5543801730601328, -2.9278879248462446, 0.23650768489039853]
[125, -2.990136448537008, -2.1969505749144496, -1.6842451095581055, -0.6835954946330567, 1.732283115386963, 4.503056049346924, -0.9291669815160524, 0.01426616864744312, 0.19636271834357988, 0.5543404761037676, -2.927885757470672, 0.23653761295516276]
[126, -2.980760637913839, -2.1329156361021937, -1.8020734786987305, -0.628340558414795, 1.7309412956237793, 4.512307643890381, -0.876345251276073, 0.014397891499785348, 0.19634670698974224, 0.5544451863623108, -2.927905213325019, 0.2365104174159079]
[127, -2.96822959581484, -2.0667339764037074, -1.9213056564331055, -0.5732334417155762, 1.7291083335876465, 4.52482795715332, -0.820440537948592, 0.01354989498743996, 0.19636650708901657, 0.5543662533273174, -2.9278598635932513, 0.2364773386979005]
[128, -2.9677980581866663, -2.0154782734312953, -2.0110368728637695, -0.5347698491862793, 1.7291321754455566, 4.525151252746582, -0.7764268010895615, 0.021009804293950815, 0.19634263861994145, 0.5544400379798725, -2.9279101961003344, 0.23652421978930388]
[129, -2.9538753668414515, -1.951447149316305, -2.1204614639282227, -0.4871261876872559, 1.7270846366882324, 4.539017200469971, -0.7215757026926223, 0.021007516222583802, 0.19637298912353152, 0.5544150939402416, -2.9278483644279434, 0.23652095304064946]
[130, -2.9377344290362757, -1.8874007664122523, -2.225802421569824, -0.4433639806560059, 1.72465181350708, 4.555109977722168, -0.667248982538085, 0.02103322673727686, 0.19636165077074366, 0.5543667273782378, -2.927888535934676, 0.2365100466486585]
[131, -2.919795099888937, -1.8256966076292933, -2.3223981857299805, -0.4056900304606934, 1.7218966484069824, 4.572939872741699, -0.6162776402655588, 0.02104048151289466, 0.19639468926639836, 0.5543851399804837, -2.927826852628215, 0.23649650324414367]
[132, -2.896411959324972, -1.7560602627196253, -2.4247312545776367, -0.3695238393596192, 1.7182307243347168, 4.5961713790893555, -0.5612364998222215, 0.021019599037772396, 0.19639029667843044, 0.554418475955645, -2.9278258490727582, 0.23649619671590957]
[133, -2.8816145102130335, -1.6891690693297328, -2.5143957138061523, -0.3445938390544434, 1.7159066200256348, 4.610872268676758, -0.5117581706829147, 0.026311253027328525, 0.19638156348169436, 0.5543853643391272, -2.9278261948723636, 0.23651571497193474]
[134, -2.849576775227682, -1.6117626629271449, -2.607569694519043, -0.3243006032756348, 1.7106471061706543, 4.642748832702637, -0.4601638748565389, 0.02631721641650752, 0.19637336650653844, 0.5543176372901716, -2.9278578400145174, 0.23649750922545515]
[135, -2.806260410939352, -1.5172804158977051, -2.7033262252807617, -0.3171919149211426, 1.70332670211792, 4.685705661773682, -0.40650503263626586, 0.026303504014734885, 0.19637143634688858, 0.5543597463196023, -2.9278752155676147, 0.2365026505918324]
[136, -3.0405738989459437, -2.4907919369139613, -1.1272249221801758, -0.9550779622844239, 1.7393040657043457, 4.452652931213379, -1.1391708859389142, 0.03844058068775948, 0.19324555201102595, 0.554395562081607, -2.9278336424611617, 0.23656910024468664]
[137, -3.035520378743307, -2.4096561870970667, -1.2841482162475586, -0.8785017293742676, 1.7386088371276855, 4.457671165466309, -1.086790824731958, 0.03843916431637993, 0.19390666734678857, 0.5544038466248303, -2.927900021980391, 0.23650682944104515]
[138, -3.0297606627093714, -2.333541532556051, -1.4307146072387695, -0.8069866460612793, 1.7378668785095215, 4.463441371917725, -1.0327301041944086, 0.03845033598173296, 0.19398724352674837, 0.5543292566001634, -2.927814288297008, 0.2365026527265739]
[139, -3.02317458788027, -2.2613617382445277, -1.5680646896362305, -0.740807370548584, 1.7370038032531738, 4.469940185546875, -0.9777729734388827, 0.03841373385352952, 0.19394508117748316, 0.5544010511279651, -2.927881233206288, 0.23652036262131854]
[140, -3.0160496870623987, -2.1944452724852503, -1.693404197692871, -0.6811264318278809, 1.7360339164733887, 4.47703742980957, -0.9242400962495775, 0.03844794932675397, 0.19396429141763777, 0.5543711113356361, -2.927809300657568, 0.23648461187280276]
[141, -3.017642323170797, -2.1474930248656214, -1.7797956466674805, -0.642047719364502, 1.73630952835083, 4.4753737449646, -0.8851137000302062, 0.04483115003937653, 0.19391902384404897, 0.5543958420789765, -2.9278912695795754, 0.23649440581125203]
[142, -3.0077031294452112, -2.0734645328917445, -1.9142274856567383, -0.5804451268962403, 1.7349905967712402, 4.485163688659668, -0.8222437149013895, 0.044830960494718755, 0.19370284890140751, 0.5545612973182682, -2.928283082785601, 0.23659705992508342]
[143, -2.9982791582690638, -2.0130421123900355, -2.020352363586426, -0.53279002130542, 1.7336735725402832, 4.494654655456543, -0.7705266218298373, 0.044854546775470044, 0.19392297842509063, 0.554366382383443, -2.9279114518655724, 0.2365317875750219]
[144, -2.987056557332174, -1.951350828210348, -2.125983238220215, -0.4870785039714356, 1.7320914268493652, 4.5058207511901855, -0.7173610885385668, 0.04484684978350725, 0.19390985701215052, 0.5543735410109494, -2.9279514313762687, 0.2365364193139915]
[145, -2.9865291754352015, -1.9051510296263636, -2.201888084411621, -0.4571579259685059, 1.732067584991455, 4.506275653839111, -0.6775986936990089, 0.05076895094260396, 0.1939761336272834, 0.5543841814893342, -2.9278075402929664, 0.23651830096850734]
[146, -2.969740692769186, -1.8305407963194789, -2.3200063705444336, -0.4109714788249512, 1.7296357154846191, 4.522948265075684, -0.6152243070550144, 0.05074881493705053, 0.19397505658271286, 0.5544494726961116, -2.9277930294581167, 0.23650298069612755]
[147, -2.9517889658557337, -1.7621695003905238, -2.4211511611938477, -0.37543948114428716, 1.726975917816162, 4.540873050689697, -0.5606031195600457, 0.05076220805453713, 0.1939571799406143, 0.5543856002298967, -2.927869505180948, 0.23650574129562185]
[148, -2.9543431440936487, -1.70971741298818, -2.4919843673706055, -0.357379750614502, 1.7274556159973145, 4.538262844085693, -0.5203734964220367, 0.05981049214591633, 0.19399097771639823, 0.5543685440858633, -2.9277811277428274, 0.2365382689974779]
[149, -2.9258747736560267, -1.617284437219137, -2.605536460876465, -0.3319729131511231, 1.723106861114502, 4.566593170166016, -0.4570438381460408, 0.05980599411560793, 0.19396273426123695, 0.5544108248532733, -2.9278691505873975, 0.23650079773009774]
[150, -2.892442766820089, -1.5210092824748536, -2.70369815826416, -0.32505686700854497, 1.7178711891174316, 4.599858283996582, -0.40141334230569675, 0.059814182067522904, 0.19397243556679125, 0.5544293053850664, -2.9278157172181265, 0.23651946095070475]
[151, -3.0599010626422327, -2.495439668694967, -1.1128721237182617, -0.9680336278728028, 1.7419514656066895, 4.433262348175049, -1.1420938180470095, 0.05982455253068371, 0.19553185955237873, 0.5543531951358791, -2.927790453585444, 0.23652902912945006]
[152, -3.055530373250143, -2.4086748562254847, -1.282069206237793, -0.8849685949138184, 1.7413887977600098, 4.437597751617432, -1.085953871037414, 0.05984621888628161, 0.19543900135080094, 0.5543608457233984, -2.927905185955372, 0.23651003659642397]
[153, -3.0579374472247522, -2.335051198998922, -1.423269271850586, -0.8177011770061036, 1.7417960166931152, 4.435082912445068, -1.0333580079778824, 0.06689985102066524, 0.19554167609819428, 0.554408167211504, -2.927775561192215, 0.23650438720268735]
[154, -3.053542439137594, -2.2693916759886683, -1.548029899597168, -0.7578829091838379, 1.7412571907043457, 4.43946647644043, -0.983682328468981, 0.06691973161523891, 0.19552239604634247, 0.5543725530929865, -2.927811812872005, 0.23651985842022633]
[155, -3.0484769980060022, -2.2048379383482875, -1.6690349578857422, -0.7006538671306153, 1.7405858039855957, 4.4445085525512695, -0.9323936950074531, 0.06693014793396672, 0.1954609539910273, 0.554350023869461, -2.9279033486113235, 0.23648555390971762]
[156, -3.04242974916567, -2.1389457188048304, -1.7902765274047852, -0.644244984989502, 1.7398428916931152, 4.450473308563232, -0.8781329414571886, 0.06691823913326903, 0.19548474222079, 0.5544051900469777, -2.9278441094493823, 0.23651469853152282]
[157, -3.0468125979052942, -2.0878054104247035, -1.8821401596069336, -0.6042860311320801, 1.7404780387878418, 4.445993900299072, -0.8343283512020268, 0.07491425666537799, 0.19548807161538895, 0.554426365281362, -2.9278519238780554, 0.2364720584946456]
[158, -3.038490120564596, -2.0129109821715296, -2.0139989852905273, -0.5458744329265137, 1.739424228668213, 4.454269886016846, -0.7701765415415049, 0.07491560310230445, 0.19551124948853543, 0.5544144335925747, -2.9278038301516944, 0.23649555923595997]
[159, -3.0308263937579554, -1.9540392361082972, -2.1143884658813477, -0.5030992788127442, 1.7383933067321777, 4.461921691894531, -0.7195140786863453, 0.07492604394739324, 0.19548978541890943, 0.5543699289316707, -2.9278434517262655, 0.23647243692977804]
[160, -3.0208287874804896, -1.8874622784056605, -2.223513603210449, -0.4590776723674317, 1.7371115684509277, 4.471818923950195, -0.6628005384348685, 0.07495714929057459, 0.1954674052559548, 0.55446198077726, -2.9280008802861004, 0.2365866465777985]
[161, -3.0146365801440638, -1.8425919018187464, -2.293848991394043, -0.4324110311320801, 1.7362256050109863, 4.478018760681152, -0.625314094328211, 0.07586896672021609, 0.19550601509036689, 0.5543828978813307, -2.927847300663054, 0.23648549743056607]
[162, -2.999728027974264, -1.765822549859518, -2.407526969909668, -0.39298327386889653, 1.7341885566711426, 4.492883205413818, -0.5637043438904418, 0.07584290491868151, 0.19553099245630437, 0.5543671873765806, -2.9277687846886704, 0.23652730145988213]
[163, -3.0086732546435755, -1.6976825199522914, -2.498415946960449, -0.3717869085124512, 1.7355666160583496, 4.483811378479004, -0.51091112650817, 0.08778443988487922, 0.19549638407004857, 0.554396533530439, -2.927830202285899, 0.2365289487309653]
[164, -2.9921000639544886, -1.62095369915151, -2.591280937194824, -0.35296137750659184, 1.7332186698913574, 4.500351428985596, -0.4583919239443834, 0.08779168893621743, 0.19549321055809193, 0.5543818989771556, -2.927849336110429, 0.23651083083762112]
[165, -2.9713833967791956, -1.5351346296123047, -2.6800355911254883, -0.34675391138110356, 1.730210781097412, 4.520984649658203, -0.40728937543838334, 0.087796359713474, 0.19547307878391684, 0.554431995078328, -2.9278909125667196, 0.23649081864041482]
[166, -3.084653679524557, -2.4917122326292933, -1.1149415969848633, -0.9740761083415528, 1.7452702522277832, 4.408349990844727, -1.138859018150453, 0.0877776516763268, 0.19767544214088706, 0.5543746334512341, -2.9278564494387807, 0.23652826865188015]
[167, -3.0816481749164026, -2.4060551128783167, -1.2814092636108398, -0.8927057546428223, 1.7449345588684082, 4.411320209503174, -1.083457625131691, 0.08781642408774012, 0.1977016716762839, 0.5543711427517385, -2.927817159589626, 0.23651607863695734]
[168, -3.0829651991473597, -2.341269155541891, -1.4056577682495117, -0.8334739965251465, 1.7451624870300293, 4.409918785095215, -1.0373678401146662, 0.09199252757736373, 0.1977095244408425, 0.5544062218869776, -2.927799385349873, 0.23651049623429016]
[169, -3.079684082661764, -2.2709480724730433, -1.5390729904174805, -0.7698143285563965, 1.744779109954834, 4.413200855255127, -0.9844804176523579, 0.09202380135492724, 0.19767891062007276, 0.5543420884538348, -2.9278169652758894, 0.23649939220349045]
[170, -3.0803306738482874, -2.21328129390859, -1.646742820739746, -0.720050649052002, 1.744910717010498, 4.412469863891602, -0.9385932484055651, 0.09554169593600889, 0.19764148534034678, 0.5543796639232357, -2.927925211968005, 0.23651192555745557]
[171, -3.076151434575216, -2.144160886804098, -1.7736749649047852, -0.6614187520793458, 1.7444672584533691, 4.416590213775635, -0.88202709533208, 0.09551068485322796, 0.19768857277877305, 0.5543905121644764, -2.927812671737609, 0.23654859924180943]
[172, -3.070880715047018, -2.070329805413717, -1.9061880111694336, -0.6019991201213379, 1.7438206672668457, 4.421730041503906, -0.8197470650408206, 0.0955026560393041, 0.19765675304401487, 0.554508731400985, -2.9279554209034107, 0.23655133039757936]
[173, -3.0779717604266565, -2.0164696178831996, -2.0053415298461914, -0.5578172963908692, 1.7448267936706543, 4.414589881896973, -0.7701146176556327, 0.10441059609686282, 0.19561142570869217, 0.5544028691278888, -2.9278413639064325, 0.23652585142423058]
[174, -3.073421065007345, -1.9593645534911097, -2.1025915145874023, -0.5168770116618653, 1.7442879676818848, 4.419117450714111, -0.7208615739556822, 0.10445825148879459, 0.19562397893957822, 0.5543708728574566, -2.9278360994375174, 0.23653148386887327]
[175, -3.0675891081439417, -1.8976031742491664, -2.204087257385254, -0.47619421899829106, 1.7435812950134277, 4.424842357635498, -0.6679683235032223, 0.10440235781688566, 0.19559635490544058, 0.5544631712194162, -2.92786611330593, 0.23654551164135645]
[176, -3.0611465612994593, -1.8370777569212855, -2.298966407775879, -0.4407871526530762, 1.7427783012390137, 4.431285858154297, -0.61721419238133, 0.1044315799020304, 0.1955790354228512, 0.5544031439181706, -2.9279303916159956, 0.2365600476189932]
[177, -3.0533507505999964, -1.773654123345846, -2.3925065994262695, -0.4092100423625489, 1.7417597770690918, 4.439035415649414, -0.5660526161918346, 0.10442735473356032, 0.1956286690959086, 0.5544040270079312, -2.9278051872177193, 0.2364895549577708]
[178, -3.059347693120138, -1.7015272579588832, -2.489272117614746, -0.3857191366008301, 1.74269437789917, 4.432990550994873, -0.5098417854099092, 0.11239553658675983, 0.19566858955303923, 0.5543050493497503, -2.9279220726530686, 0.23656482335740436]
[179, -3.048321549092428, -1.6203562221922816, -2.5874147415161133, -0.3667810720256348, 1.7412686347961426, 4.443933486938477, -0.4535963116334042, 0.11240649000891312, 0.1956294100129206, 0.5543685051983217, -2.9278207414376043, 0.2365331177249617]
[180, -3.037173096333639, -1.5469859403422852, -2.663825035095215, -0.3619306844523926, 1.7397713661193848, 4.455036163330078, -0.4088546065084388, 0.11241051193642489, 0.19559576499218392, 0.5544028777041247, -2.927892731656235, 0.23650518028891607]
[181, -3.1067357699023646, -2.4974705181517542, -1.0994176864624023, -0.9878271383098145, 1.748121738433838, 4.386104583740234, -1.1408360236653092, 0.11242687951828809, 0.1993863534006688, 0.5543948921613366, -2.927920771365913, 0.23651411531117128]
[182, -3.1057894865619105, -2.450350423852438, -1.1911439895629883, -0.9430893224528809, 1.7480616569519043, 4.387077331542969, -1.111406440634025, 0.112453773008607, 0.19942260070669054, 0.5543289171206389, -2.9279617517317664, 0.23657033489165766]
