[1,-2.836925332,-2.586979052,-0.910605431,-1.16724761,1.754399776,4.645486832,-1.172258702,-0.209967432,0.196023108,0.582507975,-3.046835947, 0.29456722796930584]
[2,-2.821373765,-2.484776159,-1.111484528,-1.065419511,1.753693104,4.661397934,-1.114338557,-0.209938269,0.196031551,0.582245112,-3.046634291, 0.2946150008073268]
[3,-2.802430216,-2.388520857,-1.29811573,-0.971838788,1.752746105,4.68042469,-1.051234387,-0.210006014,0.195980378,0.582471408,-3.046880353, 0.29456089526299684]
[4,-2.786410157,-2.321196219,-1.426854134,-0.907424764,1.751943111,4.69662571,-1.00283555,-0.209981693,0.196018471,0.582474633,-3.04682399, 0.2946394234541774]
[5,-2.771813933,-2.250488897,-1.560051918,-0.842246847,1.75108099,4.711362839,-0.949721308,-0.205029822,0.196038506,0.582478269,-3.046799595, 0.29455099208178387]
[6,-2.75087649,-2.185838839,-1.680283546,-0.782848195,1.749870777,4.73253727,-0.897662466,-0.205026169,0.196015973,0.582470328,-3.046792629, 0.2946087890208767]
[7,-2.730605427,-2.122821947,-1.795105934,-0.727328138,1.748601437,4.753029346,-0.845773204,-0.202191028,0.196074697,0.582448614,-3.046739509, 0.2946378419101849]
[8,-2.702309195,-2.057488104,-1.91209507,-0.670720891,1.746635914,4.781597137,-0.78971169,-0.202176651,0.196007758,0.582487586,-3.046833655, 0.29454797576516595]
[9,-2.678819243,-1.998736044,-2.014239311,-0.623143033,1.744946957,4.805299759,-0.739737349,-0.19788999,0.196028873,0.582499431,-3.046796279, 0.2945743689415357]
[10,-2.645733182,-1.935139319,-2.112124443,-0.583020048,1.74238348,4.83872509,-0.688552326,-0.197879531,0.199404448,0.582467191,-3.046746446, 0.2946093646577635]
[11,-2.605865304,-1.873291632,-2.212521553,-0.537716703,1.739004612,4.878904343,-0.635088954,-0.197869595,0.199353838,0.582528525,-3.046809564, 0.2945605445710455]
[12,-2.574153725,-1.820350309,-2.294293404,-0.503543691,1.736141682,4.910908699,-0.591522727,-0.193854873,0.199366995,0.582447823,-3.046817229, 0.29457225716768887]
[13,-2.515600745,-1.749173304,-2.398663521,-0.460788564,1.730391026,4.969791889,-0.53306549,-0.193867308,0.199359119,0.58254716,-3.046811147, 0.29456725518439203]
[14,-2.450842206,-1.680321833,-2.491719246,-0.426359014,1.723370075,5.0349617,-0.479558689,-0.193858959,0.199378859,0.582404528,-3.046783892, 0.2945980629708004]
[15,-2.386775796,-1.610782763,-2.576254845,-0.401893453,1.715786457,5.099124908,-0.431222102,-0.189988252,0.199342981,0.582525984,-3.046835565, 0.2945011487691261]
[16,-2.84280235,-2.49927487,-1.108614922,-0.934666471,1.708598614,4.650341034,-1.133887487,-0.185364925,0.19787495,0.55446292,-2.927817224, 0.23656100885709472]
[17,-2.828140084,-2.417874952,-1.268078804,-0.854585485,1.706130505,4.664940834,-1.080903852,-0.185337214,0.197743729,0.554362997,-2.927821867, 0.23653336529113086]
[18,-2.809109275,-2.345713755,-1.407828331,-0.78450282,1.702871799,4.683805943,-1.028862421,-0.188703279,0.197728405,0.554356548,-2.92786833, 0.23648681518471262]
[19,-2.795024697,-2.27756848,-1.537971497,-0.720601873,1.700510502,4.697760582,-0.977480573,-0.185229689,0.197766633,0.554318837,-2.927810826, 0.23656319274833618]
[20,-2.778956715,-2.2105576,-1.664412498,-0.659212903,1.69768095,4.713601112,-0.924189068,-0.181414506,0.197690938,0.554379652,-2.927887387, 0.2364648073864605]
[21,-2.755698029,-2.147792479,-1.780966759,-0.602473096,1.693592548,4.736618996,-0.871371847,-0.182602317,0.197737751,0.554345921,-2.927835581, 0.23650806519375225]
[22,-2.733801667,-2.079680105,-1.904858589,-0.544065313,1.689683437,4.758200645,-0.813563197,-0.177867821,0.197741478,0.554392524,-2.927826176, 0.23651010747644063]
[23,-2.710828129,-2.024145742,-2.003746986,-0.498082952,1.68548727,4.780890465,-0.765226778,-0.175638308,0.197716122,0.554363836,-2.927868725, 0.23647933948578556]
[24,-2.683613364,-1.966457506,-2.103775978,-0.452699499,1.680438519,4.807692528,-0.714766678,-0.173261113,0.197732273,0.55440557,-2.927844345, 0.23646019930848333]
[25,-2.644808594,-1.908943316,-2.200657845,-0.409198598,1.673136234,4.845973015,-0.663344018,-0.175851685,0.197744916,0.554345018,-2.927815472, 0.236545964233725]
[26,-2.603299443,-1.843838354,-2.302845955,-0.368086652,1.665102482,4.886786938,-0.608527655,-0.173995098,0.198532202,0.554375428,-2.92782116, 0.23651263175279838]
[27,-2.555246655,-1.783618113,-2.394536018,-0.332441167,1.655630589,4.934041977,-0.557880142,-0.173976402,0.198500873,0.554327266,-2.927925427, 0.2365060824361162]
[28,-2.512799088,-1.717814108,-2.487036705,-0.302278356,1.64710474,4.975625038,-0.508143779,-0.16572352,0.198538235,0.554383625,-2.927831739, 0.23655052684222774]
[29,-2.430729214,-1.639765879,-2.586518288,-0.275426702,1.63014555,5.056017876,-0.450428324,-0.167582655,0.198497069,0.554392982,-2.927899996, 0.2364358680067669]
[30,-2.352083985,-1.561584787,-2.671782494,-0.264269666,1.613577366,5.132895947,-0.401351572,-0.164809664,0.198542214,0.554404907,-2.927808632, 0.2365137854908864]
[31,-2.864538972,-2.494316717,-1.119402885,-0.931837873,1.712193012,4.628720284,-1.134056328,-0.160077714,0.196974945,0.554418293,-2.927786266, 0.23646808614655662]
[32,-2.853777711,-2.407395025,-1.289124489,-0.847554998,1.710491657,4.639397621,-1.077714931,-0.155830416,0.196963969,0.554401244,-2.927815944, 0.23652102955070617]
[33,-2.839187447,-2.335565706,-1.428004265,-0.778530912,1.708058834,4.653889656,-1.026105725,-0.155799005,0.196900723,0.554361776,-2.92786817, 0.23648330439774817]
[34,-2.823448245,-2.269786497,-1.553514481,-0.716657476,1.705411434,4.669480801,-0.975737997,-0.155776286,0.196939953,0.554363723,-2.927857815, 0.23646435024098872]
[35,-2.805841748,-2.20410647,-1.677233696,-0.65628417,1.702415943,4.686923981,-0.922939327,-0.155047097,0.19693706,0.554345485,-2.927862494, 0.23645512503005797]
[36,-2.794151131,-2.143177649,-1.789942741,-0.602989034,1.700438976,4.698417664,-0.873153208,-0.148130955,0.196942242,0.554420249,-2.92784747, 0.23646082341792996]
[37,-2.771777932,-2.08302178,-1.899552345,-0.550689535,1.696553707,4.720579147,-0.821474482,-0.148377735,0.196938366,0.554380407,-2.927855779, 0.2364933416098467]
[38,-2.744439904,-2.014869352,-2.020722389,-0.494291143,1.691709995,4.747583389,-0.762214061,-0.147021531,0.196953068,0.554396372,-2.927824065, 0.23651877740235508]
[39,-2.718253676,-1.961633345,-2.112854958,-0.452327566,1.686985493,4.773472786,-0.715433168,-0.147006676,0.196956087,0.554358123,-2.927853771, 0.23655207468119047]
[40,-2.691531483,-1.913563391,-2.19381237,-0.416471319,1.682021618,4.79983139,-0.673300125,-0.147011072,0.19692507,0.554367471,-2.927894982, 0.23648836143829274]
[41,-2.645541016,-1.845301291,-2.304093361,-0.3694876,1.673340321,4.845158577,-0.614148763,-0.148578234,0.196978007,0.554356521,-2.927808788, 0.23652132950924398]
[42,-2.618866269,-1.78211083,-2.399832726,-0.334422902,1.668244839,4.871381283,-0.564222493,-0.13775745,0.19691705,0.554371803,-2.927931194, 0.23648171100760274]
[43,-2.547185723,-1.714879652,-2.495553017,-0.299480276,1.654095173,4.94184494,-0.509093311,-0.14611171,0.19692836,0.554375866,-2.927896998, 0.23651629443938235]
[44,-2.487122838,-1.638056894,-2.592680931,-0.274455861,1.641889095,5.000747681,-0.455463086,-0.140793556,0.196979636,0.554343101,-2.927761562, 0.23654366857352993]
[45,-2.416540209,-1.55388339,-2.683949471,-0.263083295,1.627270222,5.069796562,-0.404639999,-0.134958372,0.196923506,0.554436767,-2.927904662, 0.23643212714385456]
[46,-2.891555611,-2.501330038,-1.116580009,-0.931549863,1.716637135,4.601816177,-1.138911559,-0.130155089,0.190947998,0.554376978,-2.927806206, 0.23647476875301734]
[47,-2.876254384,-2.401592871,-1.309400558,-0.836290197,1.714216709,4.617021561,-1.073979768,-0.130108913,0.192216741,0.554362998,-2.927844336, 0.23649253904117043]
[48,-2.862946335,-2.332019468,-1.444151878,-0.769238309,1.712060452,4.630197525,-1.023510404,-0.130127121,0.192184932,0.554403061,-2.927851736, 0.23647828837005816]
[49,-2.857237164,-2.267838141,-1.56668663,-0.710160093,1.711222172,4.635818481,-0.975040579,-0.121830286,0.192190579,0.554425014,-2.927920268, 0.23655617455336558]
[50,-2.836434666,-2.20970883,-1.671435356,-0.660590963,1.70775938,4.656457901,-0.929391359,-0.128065823,0.19449673,0.554435388,-2.927846565, 0.2365531764778118]
[51,-2.81569225,-2.14118733,-1.788853645,-0.608883695,1.704225063,4.677055359,-0.87596074,-0.129685725,0.198507866,0.554374617,-2.927843991, 0.23649323146401463]
[52,-2.80822355,-2.079344889,-1.898785591,-0.559913473,1.703015804,4.684414864,-0.825591527,-0.118871286,0.199169486,0.554376192,-2.927947963, 0.23650745161418701]
[53,-2.785225693,-2.01875033,-2.00609684,-0.510144071,1.699024677,4.707186699,-0.773297016,-0.118858505,0.199194073,0.554354481,-2.927877333, 0.23649133494194058]
[54,-2.756212536,-1.952958723,-2.119227409,-0.459147291,1.693940639,4.735900879,-0.716223225,-0.118868554,0.199210882,0.554325756,-2.927853707, 0.2365472719997495]
[55,-2.725595061,-1.892998835,-2.218670845,-0.416016416,1.688400745,4.766124725,-0.664566112,-0.118867766,0.199194578,0.554361845,-2.927856279, 0.23650892930165415]
[56,-2.697647397,-1.830086371,-2.317881584,-0.376553373,1.68326807,4.793633461,-0.612599512,-0.113613755,0.199206544,0.554447182,-2.927857988, 0.23647558944819447]
[57,-2.653944317,-1.763738295,-2.416726112,-0.339382009,1.675078869,4.836808681,-0.558968506,-0.113587123,0.199197238,0.55432321,-2.92791305, 0.23651457827610636]
[58,-2.605193917,-1.698589941,-2.506333351,-0.310035543,1.665678501,4.884762287,-0.50950286,-0.113602408,0.199212847,0.554363053,-2.927823646, 0.2365469529640916]
[59,-2.537774865,-1.61833634,-2.604878426,-0.285863714,1.652297497,4.950952053,-0.454245176,-0.113637399,0.199223275,0.554433249,-2.927806074, 0.2365328955319908]
[60,-2.473510091,-1.53543456,-2.691128731,-0.277810888,1.639203548,5.013987541,-0.406189116,-0.109116613,0.199201246,0.554393917,-2.927861604, 0.23648345144688596]
[61,-2.914914433,-2.480027815,-1.14703083,-0.925893621,1.720458508,4.578543663,-1.131163963,-0.101532525,0.196276304,0.554325274,-2.927845792, 0.23652498786713788]
[62,-2.903462712,-2.399583002,-1.304039955,-0.847626523,1.718649387,4.589901924,-1.078017123,-0.10158214,0.196210531,0.554350007,-2.927840775, 0.23647127327293238]
[63,-2.891735379,-2.330594679,-1.437188148,-0.781828718,1.716864109,4.60151577,-1.028428853,-0.101587661,0.196160693,0.554407587,-2.927908874, 0.23654878984383368]
[64,-2.877657239,-2.260191103,-1.571261406,-0.716046171,1.714600086,4.615556717,-0.974569133,-0.10154469,0.19620373,0.554299404,-2.927856341, 0.2365253282275868]
[65,-2.856267516,-2.13581719,-1.802659035,-0.605990247,1.71116209,4.636671066,-0.873816015,-0.092901122,0.196238355,0.55439012,-2.927826354, 0.2365070562914772]
[66,-2.856279437,-2.135864874,-1.802729607,-0.606002645,1.711173534,4.636647224,-0.873782374,-0.092881848,0.196157722,0.554419242,-2.927951364, 0.23650963710690606]
[67,-2.837356393,-2.073752066,-1.915305138,-0.552834348,1.708034992,4.655394554,-0.820882607,-0.092904246,0.196217889,0.55443142,-2.927857178, 0.23650455568816736]
[68,-2.816111151,-2.01348414,-2.022185326,-0.503363447,1.704452991,4.676458359,-0.768733479,-0.092908886,0.196207827,0.554414126,-2.927867362, 0.23650392805276677]
[69,-2.789054219,-1.947259089,-2.13610363,-0.452124433,1.699779987,4.703328133,-0.711274523,-0.092868889,0.196226374,0.554296009,-2.927883017, 0.2364897494126282]
[70,-2.770976369,-1.892135759,-2.227288246,-0.413811521,1.696697712,4.721141815,-0.664557194,-0.087776931,0.196216665,0.554386161,-2.927903111, 0.23657322027031766]
[71,-2.73590428,-1.832418104,-2.322482109,-0.373966054,1.690354824,4.755794525,-0.613983386,-0.089902617,0.196220574,0.55440917,-2.927795991, 0.23649627042870686]
[72,-2.703666989,-1.769990583,-2.416033745,-0.339177923,1.684491634,4.787639141,-0.563921085,-0.086860364,0.196216483,0.55438854,-2.927870521, 0.23651721101971848]
[73,-2.651507203,-1.694530626,-2.520384789,-0.304619626,1.67467165,4.839084625,-0.506765051,-0.087074948,0.196236623,0.554364105,-2.927828734, 0.23650409938903832]
[74,-2.592844788,-1.61880221,-2.613495827,-0.281549291,1.663303852,4.896787643,-0.455097437,-0.087057623,0.196230218,0.554412866,-2.927828628, 0.23648630067828538]
[75,-2.516486708,-1.528657274,-2.707112312,-0.271603422,1.648064137,4.971784592,-0.402541822,-0.087062368,0.196257095,0.554399262,-2.927771248, 0.2365525877253029]
[76,-2.935779874,-2.485630652,-1.14229393,-0.928158597,1.723705769,4.557636738,-1.134490545,-0.078596515,0.192755031,0.554406089,-2.927789143, 0.23645665951429207]
[77,-2.931031052,-2.400336882,-1.308728218,-0.846297101,1.723058224,4.562306404,-1.078589618,-0.071953585,0.192757389,0.554437565,-2.927777353, 0.23650125256618568]
[78,-2.921006266,-2.333517691,-1.437943459,-0.782464818,1.721513271,4.572304726,-1.030496158,-0.071886756,0.192714261,0.554387539,-2.927872299, 0.2364782381210304]
[79,-2.910034005,-2.255710264,-1.571896553,-0.724726514,1.719871998,4.583201408,-0.976048026,-0.070253806,0.199068105,0.554397421,-2.927917945, 0.23651692395423132]
[80,-2.897167508,-2.194325586,-1.686585426,-0.66940196,1.717858791,4.595967293,-0.927085507,-0.070506675,0.199140511,0.554405884,-2.927793472, 0.23651429579140326]
[81,-2.881015126,-2.127736708,-1.811060905,-0.60927947,1.715306759,4.61201334,-0.871218323,-0.070496604,0.198314532,0.554397742,-2.9279088, 0.23653477281263968]
[82,-2.866961304,-2.07128491,-1.912861824,-0.561961965,1.713018894,4.625993729,-0.823473988,-0.069214473,0.198306435,0.554338904,-2.927962594, 0.2364968213589051]
[83,-2.845938031,-2.005232473,-2.029131889,-0.508740262,1.709544659,4.646828651,-0.766803076,-0.069214387,0.198339488,0.55435771,-2.927894044, 0.23646462102178498]
[84,-2.833514039,-1.949239393,-2.124377251,-0.467691259,1.707532406,4.659122467,-0.719245755,-0.063553067,0.198391437,0.554350357,-2.927796967, 0.23652678276490227]
[85,-2.808774296,-1.888839384,-2.224123955,-0.425100164,1.703326702,4.683662415,-0.667792149,-0.063541949,0.198353926,0.554321613,-2.927874052, 0.23650811188955592]
[86,-2.778274361,-1.824165484,-2.325928688,-0.384026365,1.698017597,4.713816643,-0.614071853,-0.063544394,0.198345648,0.554384334,-2.927852199, 0.23648051249569846]
[87,-2.749321047,-1.755293985,-2.427033424,-0.348159627,1.692873478,4.742447853,-0.559997238,-0.059039228,0.198376343,0.55436297,-2.927802061, 0.23646234080407377]
[88,-2.707740132,-1.68667378,-2.519965172,-0.319041089,1.68535471,4.783499241,-0.509246133,-0.059058827,0.198361646,0.554422743,-2.927868437, 0.23651251101135048]
[89,-2.655348841,-1.609444281,-2.61311245,-0.297427015,1.675523281,4.835166931,-0.457774706,-0.059058042,0.198351675,0.554435166,-2.927857218, 0.23649809560964527]
[90,-2.60449845,-1.524483041,-2.699622154,-0.290882902,1.665714741,4.88526535,-0.409861771,-0.054442826,0.198338351,0.554370037,-2.927891524, 0.2364682321125255]
[91,-2.96493179,-2.484878202,-1.133790016,-0.94200118,1.728233814,4.528480053,-1.13790508,-0.046307412,0.197263342,0.554422837,-2.927824432, 0.2364954657078915]
[92,-2.956129853,-2.404069086,-1.29121685,-0.864022092,1.726988316,4.537244797,-1.085222187,-0.046295342,0.19726886,0.554413601,-2.927840814, 0.23655203556524687]
[93,-2.946152751,-2.3282124,-1.437272072,-0.792293386,1.725491047,4.547183514,-1.031180024,-0.046255571,0.197262336,0.554384064,-2.927869022, 0.23651789838616644]
[94,-2.935048405,-2.257658144,-1.57127285,-0.727088766,1.723849773,4.558211327,-0.977489636,-0.04628244,0.197292986,0.554395085,-2.927810794, 0.23654602246384984]
[95,-2.927241866,-2.194529196,-1.689371109,-0.670996503,1.722663403,4.565898895,-0.927208887,-0.042814173,0.197262968,0.554468504,-2.927857502, 0.23650723408303295]
[96,-2.913403813,-2.129595419,-1.8089571,-0.614295797,1.720518589,4.579716682,-0.8734977,-0.042965903,0.197244346,0.554369875,-2.927915475, 0.2364885763285014]
[97,-2.907827679,-2.068781515,-1.918168068,-0.564967946,1.719740391,4.585193634,-0.822418291,-0.035537356,0.197292152,0.554393917,-2.927797705, 0.2365563867330432]
[98,-2.889864747,-2.002784391,-2.034222603,-0.512304143,1.716876507,4.60301733,-0.765858634,-0.035501636,0.197290534,0.554418925,-2.927828068, 0.23650524824174735]
[99,-2.872609202,-1.947883268,-2.127791405,-0.470987634,1.714132786,4.620108604,-0.71882905,-0.035524388,0.197366976,0.554469882,-2.927649887, 0.23654989317461597]
[100,-2.849325482,-1.883409163,-2.234156609,-0.426010923,1.710263729,4.64330101,-0.663978526,-0.035478703,0.197254955,0.554355098,-2.927873875, 0.236468650553869]
[101,-2.849050109,-1.882738253,-2.235220909,-0.425544099,1.710263729,4.643541336,-0.663423047,-0.03549605,0.197265422,0.554405602,-2.92782608, 0.2365358081690022]
[102,-2.822251383,-1.81866326,-2.335431099,-0.385750608,1.70573473,4.67011404,-0.610541428,-0.035512692,0.197291541,0.554407862,-2.927824224, 0.2364851709192443]
[103,-2.76073486,-1.685467859,-2.522751808,-0.323736028,1.695066929,4.731040955,-0.509278588,-0.032245141,0.197269791,0.554387998,-2.927861897, 0.23651256470034973]
[104,-2.712426011,-1.604973932,-2.619240761,-0.301990346,1.686314106,4.778784752,-0.456103096,-0.032238255,0.197274269,0.554400515,-2.92785138, 0.2365069934067632]
[105,-2.678386513,-1.523174123,-2.701554298,-0.297751264,1.680007458,4.812370777,-0.410400558,-0.024692618,0.19725153,0.554384203,-2.927913091, 0.23647531344856706]
[106,-2.990471665,-2.490314146,-1.122189522,-0.952260808,1.732079983,4.502948284,-1.141844736,-0.018158356,0.19727034,0.554362742,-2.927837866, 0.2365320320267857]
[107,-2.982152049,-2.400695463,-1.296648979,-0.865986661,1.730882168,4.511254311,-1.083616616,-0.018096473,0.197319661,0.55431192,-2.927754955, 0.23648065791507164]
[108,-2.973745648,-2.327110907,-1.438254356,-0.796703176,1.729671955,4.519608498,-1.03112792,-0.018112502,0.197272422,0.554324454,-2.927830305, 0.23646896201501022]
[109,-2.964799945,-2.260705133,-1.564507484,-0.73556693,1.728437901,4.528515816,-0.980627215,-0.018113137,0.19718601,0.554319406,-2.927950494, 0.23656613334451818]
[110,-2.954582993,-2.195979734,-1.685578346,-0.677637891,1.726892948,4.53858614,-0.929127817,-0.01815184,0.197219639,0.554443102,-2.927942077, 0.2364819212489886]
[111,-2.951237504,-2.138370176,-1.791268349,-0.628916578,1.72644949,4.541926861,-0.881843686,-0.012016192,0.197276405,0.554352032,-2.927833373, 0.23649579200975493]
[112,-2.936811272,-2.067811628,-1.918623924,-0.569903211,1.724317074,4.556211948,-0.822281473,-0.012051528,0.197246027,0.554438164,-2.927817859, 0.23653064704569735]
[113,-2.922349278,-2.006916185,-2.025597572,-0.521653013,1.722124577,4.570652485,-0.770209048,-0.012033781,0.197260857,0.554347799,-2.927864356, 0.23655754251304503]
[114,-2.906208817,-1.948014875,-2.12609005,-0.477598028,1.719620228,4.586670876,-0.719771213,-0.012039854,0.19727202,0.554378228,-2.927806074, 0.23655704296052033]
[115,-2.884612385,-1.880016943,-2.237654686,-0.430900411,1.71612215,4.608121872,-0.662222035,-0.012038293,0.197266151,0.554381932,-2.927841947, 0.23644508505917095]
[116,-2.878364865,-1.819835325,-2.330763817,-0.397126989,1.715211391,4.614247322,-0.612863345,-0.002690197,0.197242838,0.554428863,-2.927878021, 0.23650348870672333]
[117,-2.852916066,-1.755305906,-2.425292015,-0.363464193,1.711054325,4.639517784,-0.562087135,-0.002686309,0.197271625,0.554425975,-2.927818053, 0.23651018094392828]
[118,-2.823496167,-1.689467569,-2.514300346,-0.336272077,1.706118107,4.668764114,-0.513589583,-0.002664628,0.197263289,0.554346678,-2.927845665, 0.23650781545275246]
[119,-2.781540696,-1.60630097,-2.614165306,-0.314118223,1.698880672,4.710357666,-0.458514567,-0.002687062,0.197264728,0.554333079,-2.927882682, 0.23651255976605795]
[120,-2.731374566,-1.516029672,-2.705245018,-0.307177381,1.689911366,4.759900093,-0.407754011,-0.002687382,0.197253087,0.554471686,-2.927865818, 0.23648685789459456]
[121,-3.017307107,-2.487446924,-1.128516197,-0.953207807,1.735985279,4.476019859,-1.139486831,0.012344582,0.19638201,0.554385608,-2.9278294, 0.23652087525525117]
[122,-3.002410475,-2.409045836,-1.281672478,-0.876046018,1.733865261,4.490956306,-1.08874827,0.002807044,0.196345617,0.554320719,-2.927895345, 0.23649922330382053]
[123,-3.006254498,-2.333960196,-1.425774574,-0.807645635,1.73448801,4.487030983,-1.035448091,0.014266818,0.196369648,0.554335441,-2.927866241, 0.23649405170529786]
[124,-2.997919861,-2.257693907,-1.570662498,-0.737701253,1.733350277,4.495288849,-0.977565411,0.014259841,0.1963408,0.554380173,-2.927887925, 0.23650768489039853]
[125,-2.990136449,-2.196950575,-1.68424511,-0.683595495,1.732283115,4.503056049,-0.929166982,0.014266169,0.196362718,0.554340476,-2.927885757, 0.23653761295516276]
[126,-2.980760638,-2.132915636,-1.802073479,-0.628340558,1.730941296,4.512307644,-0.876345251,0.014397891,0.196346707,0.554445186,-2.927905213, 0.2365104174159079]
[127,-2.968229596,-2.066733976,-1.921305656,-0.573233442,1.729108334,4.524827957,-0.820440538,0.013549895,0.196366507,0.554366253,-2.927859864, 0.2364773386979005]
[128,-2.967798058,-2.015478273,-2.011036873,-0.534769849,1.729132175,4.525151253,-0.776426801,0.021009804,0.196342639,0.554440038,-2.927910196, 0.23652421978930388]
[129,-2.953875367,-1.951447149,-2.120461464,-0.487126188,1.727084637,4.5390172,-0.721575703,0.021007516,0.196372989,0.554415094,-2.927848364, 0.23652095304064946]
[130,-2.937734429,-1.887400766,-2.225802422,-0.443363981,1.724651814,4.555109978,-0.667248983,0.021033227,0.196361651,0.554366727,-2.927888536, 0.2365100466486585]
[131,-2.9197951,-1.825696608,-2.322398186,-0.40569003,1.721896648,4.572939873,-0.61627764,0.021040482,0.196394689,0.55438514,-2.927826853, 0.23649650324414367]
[132,-2.896411959,-1.756060263,-2.424731255,-0.369523839,1.718230724,4.596171379,-0.5612365,0.021019599,0.196390297,0.554418476,-2.927825849, 0.23649619671590957]
[133,-2.88161451,-1.689169069,-2.514395714,-0.344593839,1.71590662,4.610872269,-0.511758171,0.026311253,0.196381563,0.554385364,-2.927826195, 0.23651571497193474]
[134,-2.849576775,-1.611762663,-2.607569695,-0.324300603,1.710647106,4.642748833,-0.460163875,0.026317216,0.196373367,0.554317637,-2.92785784, 0.23649750922545515]
[135,-2.806260411,-1.517280416,-2.703326225,-0.317191915,1.703326702,4.685705662,-0.406505033,0.026303504,0.196371436,0.554359746,-2.927875216, 0.2365026505918324]
[136,-3.040573899,-2.490791937,-1.127224922,-0.955077962,1.739304066,4.452652931,-1.139170886,0.038440581,0.193245552,0.554395562,-2.927833642, 0.23656910024468664]
[137,-3.035520379,-2.409656187,-1.284148216,-0.878501729,1.738608837,4.457671165,-1.086790825,0.038439164,0.193906667,0.554403847,-2.927900022, 0.23650682944104515]
[138,-3.029760663,-2.333541533,-1.430714607,-0.806986646,1.737866879,4.463441372,-1.032730104,0.038450336,0.193987244,0.554329257,-2.927814288, 0.2365026527265739]
[139,-3.023174588,-2.261361738,-1.56806469,-0.740807371,1.737003803,4.469940186,-0.977772973,0.038413734,0.193945081,0.554401051,-2.927881233, 0.23652036262131854]
[140,-3.016049687,-2.194445272,-1.693404198,-0.681126432,1.736033916,4.47703743,-0.924240096,0.038447949,0.193964291,0.554371111,-2.927809301, 0.23648461187280276]
[141,-3.017642323,-2.147493025,-1.779795647,-0.642047719,1.736309528,4.475373745,-0.8851137,0.04483115,0.193919024,0.554395842,-2.92789127, 0.23649440581125203]
[142,-3.007703129,-2.073464533,-1.914227486,-0.580445127,1.734990597,4.485163689,-0.822243715,0.04483096,0.193702849,0.554561297,-2.928283083, 0.23659705992508342]
[143,-2.998279158,-2.013042112,-2.020352364,-0.532790021,1.733673573,4.494654655,-0.770526622,0.044854547,0.193922978,0.554366382,-2.927911452, 0.2365317875750219]
[144,-2.987056557,-1.951350828,-2.125983238,-0.487078504,1.732091427,4.505820751,-0.717361089,0.04484685,0.193909857,0.554373541,-2.927951431, 0.2365364193139915]
[145,-2.986529175,-1.90515103,-2.201888084,-0.457157926,1.732067585,4.506275654,-0.677598694,0.050768951,0.193976134,0.554384181,-2.92780754, 0.23651830096850734]
[146,-2.969740693,-1.830540796,-2.320006371,-0.410971479,1.729635715,4.522948265,-0.615224307,0.050748815,0.193975057,0.554449473,-2.927793029, 0.23650298069612755]
[147,-2.951788966,-1.7621695,-2.421151161,-0.375439481,1.726975918,4.540873051,-0.56060312,0.050762208,0.19395718,0.5543856,-2.927869505, 0.23650574129562185]
[148,-2.954343144,-1.709717413,-2.491984367,-0.357379751,1.727455616,4.538262844,-0.520373496,0.059810492,0.193990978,0.554368544,-2.927781128, 0.2365382689974779]
[149,-2.925874774,-1.617284437,-2.605536461,-0.331972913,1.723106861,4.56659317,-0.457043838,0.059805994,0.193962734,0.554410825,-2.927869151, 0.23650079773009774]
[150,-2.892442767,-1.521009282,-2.703698158,-0.325056867,1.717871189,4.599858284,-0.401413342,0.059814182,0.193972436,0.554429305,-2.927815717, 0.23651946095070475]
[151,-3.059901063,-2.495439669,-1.112872124,-0.968033628,1.741951466,4.433262348,-1.142093818,0.059824553,0.19553186,0.554353195,-2.927790454, 0.23652902912945006]
[152,-3.055530373,-2.408674856,-1.282069206,-0.884968595,1.741388798,4.437597752,-1.085953871,0.059846219,0.195439001,0.554360846,-2.927905186, 0.23651003659642397]
[153,-3.057937447,-2.335051199,-1.423269272,-0.817701177,1.741796017,4.435082912,-1.033358008,0.066899851,0.195541676,0.554408167,-2.927775561, 0.23650438720268735]
[154,-3.053542439,-2.269391676,-1.5480299,-0.757882909,1.741257191,4.439466476,-0.983682328,0.066919732,0.195522396,0.554372553,-2.927811813, 0.23651985842022633]
[155,-3.048476998,-2.204837938,-1.669034958,-0.700653867,1.740585804,4.444508553,-0.932393695,0.066930148,0.195460954,0.554350024,-2.927903349, 0.23648555390971762]
[156,-3.042429749,-2.138945719,-1.790276527,-0.644244985,1.739842892,4.450473309,-0.878132941,0.066918239,0.195484742,0.55440519,-2.927844109, 0.23651469853152282]
[157,-3.046812598,-2.08780541,-1.88214016,-0.604286031,1.740478039,4.4459939,-0.834328351,0.074914257,0.195488072,0.554426365,-2.927851924, 0.2364720584946456]
[158,-3.038490121,-2.012910982,-2.013998985,-0.545874433,1.739424229,4.454269886,-0.770176542,0.074915603,0.195511249,0.554414434,-2.92780383, 0.23649555923595997]
[159,-3.030826394,-1.954039236,-2.114388466,-0.503099279,1.738393307,4.461921692,-0.719514079,0.074926044,0.195489785,0.554369929,-2.927843452, 0.23647243692977804]
[160,-3.020828787,-1.887462278,-2.223513603,-0.459077672,1.737111568,4.471818924,-0.662800538,0.074957149,0.195467405,0.554461981,-2.92800088, 0.2365866465777985]
[161,-3.01463658,-1.842591902,-2.293848991,-0.432411031,1.736225605,4.478018761,-0.625314094,0.075868967,0.195506015,0.554382898,-2.927847301, 0.23648549743056607]
[162,-2.999728028,-1.76582255,-2.40752697,-0.392983274,1.734188557,4.492883205,-0.563704344,0.075842905,0.195530992,0.554367187,-2.927768785, 0.23652730145988213]
[163,-3.008673255,-1.69768252,-2.498415947,-0.371786909,1.735566616,4.483811378,-0.510911127,0.08778444,0.195496384,0.554396534,-2.927830202, 0.2365289487309653]
[164,-2.992100064,-1.620953699,-2.591280937,-0.352961378,1.73321867,4.500351429,-0.458391924,0.087791689,0.195493211,0.554381899,-2.927849336, 0.23651083083762112]
[165,-2.971383397,-1.53513463,-2.680035591,-0.346753911,1.730210781,4.52098465,-0.407289375,0.08779636,0.195473079,0.554431995,-2.927890913, 0.23649081864041482]
[166,-3.08465368,-2.491712233,-1.114941597,-0.974076108,1.745270252,4.408349991,-1.138859018,0.087777652,0.197675442,0.554374633,-2.927856449, 0.23652826865188015]
[167,-3.081648175,-2.406055113,-1.281409264,-0.892705755,1.744934559,4.41132021,-1.083457625,0.087816424,0.197701672,0.554371143,-2.92781716, 0.23651607863695734]
[168,-3.082965199,-2.341269156,-1.405657768,-0.833473997,1.745162487,4.409918785,-1.03736784,0.091992528,0.197709524,0.554406222,-2.927799385, 0.23651049623429016]
[169,-3.079684083,-2.270948072,-1.53907299,-0.769814329,1.74477911,4.413200855,-0.984480418,0.092023801,0.197678911,0.554342088,-2.927816965, 0.23649939220349045]
[170,-3.080330674,-2.213281294,-1.646742821,-0.720050649,1.744910717,4.412469864,-0.938593248,0.095541696,0.197641485,0.554379664,-2.927925212, 0.23651192555745557]
[171,-3.076151435,-2.144160887,-1.773674965,-0.661418752,1.744467258,4.416590214,-0.882027095,0.095510685,0.197688573,0.554390512,-2.927812672, 0.23654859924180943]
[172,-3.070880715,-2.070329805,-1.906188011,-0.60199912,1.743820667,4.421730042,-0.819747065,0.095502656,0.197656753,0.554508731,-2.927955421, 0.23655133039757936]
[173,-3.07797176,-2.016469618,-2.00534153,-0.557817296,1.744826794,4.414589882,-0.770114618,0.104410596,0.195611426,0.554402869,-2.927841364, 0.23652585142423058]
[174,-3.073421065,-1.959364553,-2.102591515,-0.516877012,1.744287968,4.419117451,-0.720861574,0.104458251,0.195623979,0.554370873,-2.927836099, 0.23653148386887327]
[175,-3.067589108,-1.897603174,-2.204087257,-0.476194219,1.743581295,4.424842358,-0.667968324,0.104402358,0.195596355,0.554463171,-2.927866113, 0.23654551164135645]
[176,-3.061146561,-1.837077757,-2.298966408,-0.440787153,1.742778301,4.431285858,-0.617214192,0.10443158,0.195579035,0.554403144,-2.927930392, 0.2365600476189932]
[177,-3.053350751,-1.773654123,-2.392506599,-0.409210042,1.741759777,4.439035416,-0.566052616,0.104427355,0.195628669,0.554404027,-2.927805187, 0.2364895549577708]
[178,-3.059347693,-1.701527258,-2.489272118,-0.385719137,1.742694378,4.432990551,-0.509841785,0.112395537,0.19566859,0.554305049,-2.927922073, 0.23656482335740436]
[179,-3.048321549,-1.620356222,-2.587414742,-0.366781072,1.741268635,4.443933487,-0.453596312,0.11240649,0.19562941,0.554368505,-2.927820741, 0.2365331177249617]
[180,-3.037173096,-1.54698594,-2.663825035,-0.361930684,1.739771366,4.455036163,-0.408854607,0.112410512,0.195595765,0.554402878,-2.927892732, 0.23650518028891607]
[181,-3.10673577,-2.497470518,-1.099417686,-0.987827138,1.748121738,4.386104584,-1.140836024,0.11242688,0.199386353,0.554394892,-2.927920771, 0.23651411531117128]
[182,-3.105789487,-2.450350424,-1.19114399,-0.943089322,1.748061657,4.387077332,-1.111406441,0.112453773,0.199422601,0.554328917,-2.927961752, 0.23657033489165766]
[183,-3.111250226,-2.346037527,-1.391600609,-0.847781972,1.748840809,4.381505489,-1.038926902,0.120728853,0.199452499,0.554308306,-2.927812782, 0.23652265055335223]
[184,-3.109537903,-2.276850363,-1.522655487,-0.785652952,1.748672962,4.383150578,-0.987203463,0.120725826,0.199443152,0.554336245,-2.927843671, 0.23651535522212672]
[185,-3.107526127,-2.208059927,-1.650967598,-0.725817518,1.748505116,4.385095596,-0.932973013,0.120716057,0.199413901,0.554357841,-2.927866705, 0.23655917327626275]
[186,-3.112387959,-2.14860787,-1.759497643,-0.677637891,1.749140263,4.380124569,-0.883484961,0.126699662,0.199418468,0.554365188,-2.927890193, 0.23649678059225632]
[187,-3.110411946,-2.086162706,-1.871531487,-0.627704458,1.748972416,4.382045746,-0.830996709,0.126719738,0.199421303,0.554362044,-2.927883806, 0.23652276606577563]
[188,-3.108041112,-2.023355146,-1.981394768,-0.580217199,1.74876833,4.384303093,-0.777334434,0.126688715,0.19941884,0.554441835,-2.927837658, 0.23655449561175226]
[189,-3.105418507,-1.96200337,-2.085368156,-0.537141637,1.748457432,4.386957169,-0.724654104,0.126706568,0.199427237,0.554310266,-2.927882452, 0.23650163486624934]
[190,-3.110795323,-1.902379652,-2.182116508,-0.500975446,1.749224186,4.381445408,-0.672824907,0.132187701,0.199450728,0.554332967,-2.927854814, 0.23651018971300583]
[191,-3.107897345,-1.838899752,-2.280903816,-0.46515067,1.748888493,4.384231091,-0.619640958,0.132182957,0.199438495,0.554406451,-2.927835902, 0.2364431292666942]
[192,-3.104544465,-1.774336,-2.375369072,-0.434723691,1.748565197,4.38755703,-0.567439182,0.13219084,0.19941592,0.554367049,-2.927896638, 0.23651074267495248]
[193,-3.110735242,-1.70928826,-2.46258831,-0.413643674,1.749452114,4.381265163,-0.516503897,0.137238073,0.199435061,0.554326093,-2.927868433, 0.23653444662773498]
[194,-3.106855456,-1.634208342,-2.553988457,-0.396659688,1.749032497,4.385035515,-0.46338504,0.137240276,0.199424472,0.554401735,-2.927869549, 0.2365202540426048]
[195,-3.102245156,-1.554339246,-2.638306618,-0.391426877,1.748553753,4.389658451,-0.413065402,0.137250119,0.199411349,0.554312967,-2.927909869, 0.23657336865842396]
[196,-3.133622233,-2.504185339,-1.09092617,-0.994395093,1.751512051,4.358979225,-1.13982218,0.142646117,0.196433738,0.554415583,-2.927839752, 0.2365157021370953]
[197,-3.135444943,-2.431680342,-1.232050896,-0.926072912,1.751787663,4.357130051,-1.093479532,0.145041576,0.196460038,0.554363047,-2.927809804, 0.23650443343191876]
[198,-3.144449536,-2.352638861,-1.383839607,-0.855064229,1.75292635,4.347956657,-1.036985195,0.154684603,0.196431681,0.554402803,-2.927881113, 0.23649058078712057]
[199,-3.144509617,-2.279077192,-1.523434639,-0.789032773,1.753010273,4.347848415,-0.981726276,0.154673717,0.196438973,0.554374878,-2.927863624, 0.23650308953537758]
[200,-3.144569461,-2.218144556,-1.637385368,-0.736081914,1.75310564,4.347728252,-0.933442056,0.154667183,0.196416378,0.554375103,-2.9278984, 0.23656367966376493]
[201,-3.144641225,-2.1502377,-1.762074471,-0.679316358,1.753177166,4.347596169,-0.877517427,0.15466198,0.196444732,0.554352393,-2.927895464, 0.2365548633986917]
[202,-3.144701306,-2.089710852,-1.871041298,-0.630921201,1.753201008,4.347428322,-0.826152019,0.154651642,0.19640387,0.55440331,-2.92791737, 0.23649000422000366]
[203,-3.144821231,-2.031415602,-1.973204613,-0.586853818,1.753297329,4.347248077,-0.775986776,0.154675486,0.196517355,0.554374963,-2.927690286, 0.2364370157057081]
[204,-3.153693978,-1.980190893,-2.060442924,-0.552666501,1.75444746,4.33819437,-0.730099504,0.160971694,0.196425949,0.554426489,-2.927840943, 0.2365302579812727]
[205,-3.154629294,-1.912830969,-2.171519279,-0.509147481,1.754615307,4.33718586,-0.671697395,0.160988392,0.196427751,0.554390913,-2.927863203, 0.236506841249819]
[206,-3.155624453,-1.851522585,-2.267956734,-0.474261121,1.754794598,4.336116791,-0.619351657,0.161003407,0.196399438,0.554367758,-2.92791365, 0.23651062324710168]
[207,-3.15682346,-1.784634253,-2.366904259,-0.44242938,1.755046368,4.334820747,-0.564094819,0.160981426,0.19641505,0.554364962,-2.927893565, 0.23655343586620617]
[208,-3.169857327,-1.729792257,-2.441576958,-0.42505248,1.756639957,4.321565628,-0.519082285,0.167005099,0.196422142,0.554390148,-2.927897211, 0.23654956542014194]
[209,-3.173130576,-1.654579302,-2.53573513,-0.406658964,1.757107258,4.318152905,-0.463479292,0.167011492,0.196457863,0.554406574,-2.927815965, 0.23652077450323294]
[210,-3.177100007,-1.574574133,-2.623021126,-0.400216894,1.757670879,4.314069748,-0.410230814,0.16700879,0.196452412,0.55438291,-2.927888554, 0.2365784357540654]
[211,-3.155192916,-2.523349424,-1.057047844,-1.013102369,1.754124165,4.337233543,-1.146600793,0.167024318,0.194046269,0.554387716,-2.927866492, 0.236539991160258]
[212,-3.164305512,-2.430819174,-1.237406731,-0.927043752,1.755214214,4.327983856,-1.086670899,0.176098585,0.193983021,0.554372802,-2.927949834, 0.23648565148669268]
[213,-3.16528875,-2.360642096,-1.37259388,-0.862117605,1.755442142,4.326953888,-1.037657981,0.176062942,0.194048473,0.554344699,-2.927832798, 0.23652851580702114]
[214,-3.166355912,-2.298999449,-1.489998817,-0.806543188,1.755609989,4.325792313,-0.991595839,0.176095097,0.194063149,0.554385031,-2.927805784, 0.2365015385658408]
[215,-3.167878691,-2.219710012,-1.638789177,-0.737377004,1.755849361,4.324175835,-0.928815086,0.176049185,0.194049301,0.554383486,-2.92784449, 0.2364966369899413]
[216,-3.172183339,-2.15934815,-1.749838829,-0.687491254,1.756412029,4.319769382,-0.878321828,0.178554737,0.194050296,0.554367851,-2.927831903, 0.23649251094930146]
[217,-3.174041812,-2.096640249,-1.863087654,-0.637318448,1.756723881,4.317817688,-0.824834403,0.178528693,0.194048407,0.554367561,-2.92782718, 0.2365398011050655]
[218,-3.180794779,-2.044792791,-1.949744225,-0.603830175,1.757526875,4.310956955,-0.780910222,0.182412343,0.19577017,0.554331894,-2.927883454, 0.23651052027387184]
[219,-3.183793847,-1.9784471,-2.063281059,-0.557182149,1.757934093,4.307783604,-0.722909546,0.182393178,0.195792718,0.554411143,-2.927829794, 0.23647578695629087]
[220,-3.200539414,-1.923042913,-2.153788567,-0.525276975,1.759886265,4.290840626,-0.672100943,0.191530417,0.195810704,0.554311964,-2.927852823, 0.23649449405308928]
[221,-3.205277745,-1.863306185,-2.248261452,-0.491518812,1.760486126,4.285883427,-0.620336496,0.191499299,0.195785695,0.554433712,-2.927874221, 0.2365221778073007]
[222,-3.209104363,-1.801104685,-2.341345787,-0.461328344,1.761000156,4.28196764,-0.56815956,0.19043207,0.195805228,0.554374421,-2.927825004, 0.23653627056834642]
[223,-3.216049735,-1.733876844,-2.434693336,-0.436557607,1.761779308,4.274807453,-0.513811777,0.190428213,0.195808438,0.55443421,-2.927824857, 0.2364568654325654]
[224,-3.223738972,-1.669668814,-2.515896797,-0.420989828,1.762690067,4.267000675,-0.46503469,0.19046069,0.195829462,0.554345485,-2.927770136, 0.2364519360911141]
[225,-3.246756379,-1.597325464,-2.596283913,-0.417586164,1.765194416,4.243569374,-0.412174732,0.195808468,0.195766762,0.554381142,-2.927875824, 0.2365536814033903]
[226,-3.182797972,-2.522056242,-1.051023483,-1.025564985,1.757370472,4.30934,-1.142354518,0.198273549,0.197870415,0.554395338,-2.927840052, 0.2365491752205825]
[227,-3.184861485,-2.434372088,-1.221686363,-0.942972021,1.75763464,4.307244778,-1.087324706,0.198312028,0.19791726,0.55433035,-2.927852875, 0.2365026467718786]
[228,-3.1901992,-2.368656775,-1.348004341,-0.88343604,1.758281231,4.301760674,-1.041136049,0.201917272,0.197886704,0.554385297,-2.92788762, 0.23650295551686845]
[229,-3.198044364,-2.295634886,-1.486357689,-0.819522695,1.759251118,4.293725967,-0.985803651,0.207026399,0.197921557,0.554433124,-2.927784026, 0.2365024177245451]
[230,-3.201079194,-2.230379721,-1.608397484,-0.763410406,1.759623051,4.290589333,-0.934331604,0.207040365,0.197887512,0.554437294,-2.927869063, 0.23650077705348918]
[231,-3.201453272,-2.222830435,-1.622424126,-0.757083253,1.75969553,4.290216446,-0.928201834,0.20703022,0.19785866,0.554420727,-2.927938317, 0.23656980421439985]
[232,-3.204762046,-2.162883898,-1.732377052,-0.707630948,1.760102749,4.286828995,-0.878710669,0.207059896,0.197867967,0.554378562,-2.927867059, 0.2365099958960966]
[233,-3.208384816,-2.105487486,-1.835541725,-0.662533597,1.760545254,4.283117294,-0.829966289,0.20707436,0.19790609,0.554345093,-2.927845308, 0.23647720468022052]
[234,-3.222515408,-2.050637861,-1.931464195,-0.624222593,1.762151241,4.268689156,-0.780337863,0.214908475,0.197885065,0.554423634,-2.927842482, 0.23651235419581515]
[235,-3.228561227,-1.987439295,-2.039444923,-0.580612974,1.762857914,4.262522697,-0.72481247,0.21492128,0.197882928,0.554367256,-2.927842469, 0.23650527037521948]
[236,-3.234619204,-1.932291647,-2.130383492,-0.546002702,1.763553143,4.256296158,-0.676291338,0.2149169,0.197895469,0.554390392,-2.927825822, 0.23649557378807984]
[237,-3.242432419,-1.870666166,-2.227864265,-0.511775808,1.764451504,4.248310566,-0.622486521,0.214920341,0.197859406,0.554371207,-2.92790292, 0.23656779813412235]
[238,-3.250242058,-1.816630026,-2.308861732,-0.486274557,1.765302181,4.240264416,-0.576344003,0.214914764,0.197905446,0.554451425,-2.927805037, 0.23650877394753092]
[239,-3.26540548,-1.75279059,-2.398329735,-0.463617162,1.766860485,4.224878788,-0.522636712,0.217275436,0.197904333,0.554337714,-2.927805177, 0.23646037890856192]
[240,-3.280556981,-1.677062174,-2.495194435,-0.445568876,1.768442631,4.20940876,-0.463366646,0.217269402,0.197886324,0.554335725,-2.927840049, 0.2365333543141218]
[241,-3.310021702,-1.615348478,-2.564221382,-0.444190816,1.771186352,4.179359436,-0.41552989,0.223573309,0.1978971,0.554404411,-2.927829475, 0.23646141033331855]
[242,-3.213698689,-2.541551729,-1.019986153,-1.043020086,1.760773182,4.278100014,-1.144647595,0.233719992,0.193385597,0.554366813,-2.92787282, 0.2365313062655193]
[243,-3.220824067,-2.379918715,-1.334374428,-0.891675786,1.761683941,4.270772457,-1.039406116,0.233696687,0.193360164,0.554378916,-2.927875, 0.23657800961721676]
[244,-3.224962536,-2.309426924,-1.46886158,-0.828499631,1.762162685,4.266497612,-0.98688682,0.233723872,0.193347875,0.554410806,-2.927881345, 0.23654760097166727]
[245,-3.229568783,-2.242125174,-1.595326424,-0.770221547,1.762701511,4.261732578,-0.933649808,0.233701664,0.193373749,0.554457199,-2.927853206, 0.23652040019500606]
[246,-3.234571044,-2.179845472,-1.710411072,-0.718407945,1.763312817,4.256643772,-0.882072835,0.233695855,0.19339986,0.554389174,-2.927863439, 0.23656660018918493]
[247,-3.240707699,-2.114562174,-1.828738213,-0.666524724,1.763984203,4.250346184,-0.826063379,0.233708394,0.1934021,0.55439029,-2.927825822, 0.23649687267716576]
[248,-3.253667657,-2.070746084,-1.906092644,-0.635614232,1.765338421,4.237139225,-0.785702557,0.240118953,0.193369911,0.554412412,-2.927893526, 0.2365142150079584]
[249,-3.253691498,-2.070733686,-1.906092644,-0.635590391,1.765362263,4.237139225,-0.785699311,0.240135247,0.193383573,0.554376192,-2.927855297, 0.23652667705785074]
[250,-3.272160832,-1.942051073,-2.12491703,-0.549191789,1.767340183,4.218209743,-0.670638353,0.24008726,0.1933806,0.554413525,-2.927888991, 0.23657118013190853]
[251,-3.282377545,-1.885615011,-2.215231895,-0.51732047,1.76834631,4.20776701,-0.620238872,0.240114556,0.193388767,0.554407231,-2.927863085, 0.23649601881373353]
[252,-3.309746091,-1.829272886,-2.299830437,-0.494530515,1.770983219,4.179958344,-0.567145306,0.248926097,0.193416494,0.554307645,-2.927806674, 0.23653946099729684]
[253,-3.32616121,-1.767200132,-2.388489723,-0.471346692,1.772469044,4.163196564,-0.513695024,0.248923397,0.193389262,0.554296659,-2.927859686, 0.23653382246529825]
[254,-3.344489638,-1.706852575,-2.467930794,-0.456043081,1.774086475,4.144416332,-0.46387637,0.248901736,0.19338289,0.554381039,-2.927846716, 0.23654593666445758]
[255,-3.368976418,-1.637004992,-2.550541878,-0.448301153,1.776064396,4.11941433,-0.409603186,0.248928529,0.193415451,0.554367098,-2.927815748, 0.23643479970635156]
[256,-3.232015912,-2.554700514,-0.987841606,-1.065627889,1.762713909,4.259565353,-1.148625655,0.255183283,0.196232058,0.554360579,-2.927942411, 0.23654917108075268]
[257,-3.237354104,-2.448286673,-1.195719719,-0.965385274,1.763312817,4.254057884,-1.083240165,0.255180035,0.196178111,0.554421578,-2.928098535, 0.23658622857601258]
[258,-3.246062581,-2.318697592,-1.443938255,-0.848216848,1.764343739,4.245136261,-0.990739555,0.255173984,0.196254299,0.554402314,-2.927843761, 0.2365050367676375]
[259,-3.261299197,-2.25743117,-1.558326721,-0.798096971,1.765937328,4.229618073,-0.94021202,0.264546092,0.196349204,0.554414655,-2.927828388, 0.23650538339042526]
[260,-3.262147729,-2.249138971,-1.573836327,-0.791070775,1.766045094,4.228757858,-0.933490551,0.264556582,0.196316944,0.554402066,-2.927844899, 0.23654026211639548]
[261,-3.269214455,-2.184867521,-1.692420006,-0.738216237,1.76678896,4.221549988,-0.880273335,0.264573433,0.196278392,0.554358539,-2.927899652, 0.23655032973620177]
[262,-3.276580636,-2.126658102,-1.797698021,-0.69259818,1.767567158,4.213971138,-0.830378042,0.26454632,0.196281358,0.554409907,-2.927857361, 0.2365407759568608]
[263,-3.28532416,-2.067009588,-1.903170586,-0.648553686,1.768430233,4.205011368,-0.777917894,0.264543575,0.196275688,0.554425923,-2.927882671, 0.23650587291138506]
[264,-3.294930045,-2.010486742,-2.000496864,-0.609722928,1.769413471,4.195234299,-0.727336595,0.264567459,0.196251075,0.554353246,-2.927914965, 0.23656508962783748]
[265,-3.314573828,-1.951368471,-2.098105431,-0.575079278,1.771186352,4.175088882,-0.672124739,0.269984209,0.19636444,0.554508756,-2.927778969, 0.23637622036960781]
[266,-3.318471734,-1.934472223,-2.125750542,-0.565173463,1.771606922,4.171158791,-0.656715206,0.270016738,0.196274579,0.554428594,-2.92781216, 0.23649050698899124]
[267,-3.327237908,-1.897903105,-2.183775902,-0.54553874,1.772408962,4.162250042,-0.623789539,0.269996902,0.196306335,0.554351678,-2.927850719, 0.23651215513566004]
[268,-3.343915288,-1.836490294,-2.277337074,-0.516864614,1.773907185,4.145172119,-0.568946427,0.269979517,0.196288699,0.554396095,-2.927858158, 0.23656687819035596]
[269,-3.373097006,-1.789586206,-2.34370327,-0.503459768,1.776232243,4.115455151,-0.524128966,0.277615886,0.196282618,0.554321239,-2.92789482, 0.23651152880441817]
[270,-3.373072926,-1.789538523,-2.34370327,-0.503496007,1.776232243,4.11540699,-0.524131266,0.277602248,0.196305337,0.554426595,-2.927863166, 0.2365009099433065]
[271,-3.400946681,-1.716831823,-2.440455437,-0.485314206,1.778354168,4.086961746,-0.46213627,0.277616931,0.196306915,0.554352797,-2.927884983, 0.2365014245946118]
[272,-3.427522008,-1.657075068,-2.512190819,-0.478906469,1.78022337,4.05977869,-0.413616876,0.277610421,0.196317865,0.554363833,-2.927819704, 0.23645538069385497]
[273,-3.259716336,-2.568016668,-0.956213951,-1.089290456,1.765530109,4.23147583,-1.149018172,0.28750748,0.198445586,0.554385156,-2.927865647, 0.23649178221941067]
[274,-3.278113667,-2.327350279,-1.421255112,-0.868585424,1.76750803,4.212605953,-0.989869486,0.28749024,0.198429723,0.554447082,-2.927833198, 0.236490968423445]
[275,-3.28532416,-2.262007376,-1.543887138,-0.812751607,1.768250942,4.205298901,-0.938739131,0.287528086,0.19841544,0.554338527,-2.92786037, 0.2365005647912061]
[276,-3.294140164,-2.193612238,-1.669919968,-0.756894426,1.769113064,4.196289063,-0.882433641,0.287535023,0.19844824,0.554317466,-2.927873485, 0.23646407824083013]
[277,-3.302149598,-2.140348097,-1.76626873,-0.715434865,1.769964695,4.18802166,-0.836863509,0.287577755,0.198449435,0.554419039,-2.927819001, 0.23654336663611106]
[278,-3.32317001,-2.08356156,-1.866148949,-0.676606969,1.771857738,4.166635036,-0.783780374,0.296377167,0.198463633,0.554352915,-2.927835293, 0.2364932824177758]
[279,-3.336318318,-2.021391531,-1.973301888,-0.634413556,1.773032665,4.153180122,-0.727838668,0.296374568,0.198434678,0.55436134,-2.927913704, 0.23652608433938113]
[280,-3.350866381,-1.962098738,-2.072012901,-0.597960309,1.774314404,4.138285637,-0.67388184,0.296355992,0.19844672,0.55438128,-2.927858683, 0.23651966389577828]
[281,-3.365610425,-1.909879347,-2.155724525,-0.569556074,1.775549412,4.123168945,-0.626197791,0.29635104,0.198433374,0.55443608,-2.92785881, 0.23653569253228635]
[282,-3.384859864,-1.850635191,-2.246260643,-0.542244748,1.777059078,4.103541851,-0.572461825,0.296378196,0.198461164,0.554350797,-2.927842536, 0.23648445603635382]
[283,-3.424629275,-1.798688551,-2.319718361,-0.529117422,1.779887676,4.06289959,-0.52018664,0.307007111,0.198464708,0.55439419,-2.927817284, 0.23645944308285724]
[284,-3.453279082,-1.737050673,-2.4025774,-0.514080839,1.781756878,4.033578873,-0.465748487,0.307015335,0.198442753,0.554399183,-2.927854044, 0.23651249226367554]
[285,-3.485757653,-1.67658486,-2.476651192,-0.507407979,1.783650875,4.000385284,-0.414188519,0.30701483,0.198472672,0.554323461,-2.927801485, 0.236470789510438]
[286,-3.282114093,-2.578147551,-0.935379982,-1.104430036,1.767711163,4.208725452,-1.147412382,0.313638258,0.198374574,0.554424706,-2.927838893, 0.23648952356216085]
[287,-3.288701836,-2.488641401,-1.11062336,-1.020068006,1.768382549,4.202028275,-1.094707639,0.313675027,0.198349624,0.554374345,-2.927896643, 0.2365116327504763]
[288,-3.295469109,-2.413484236,-1.255822182,-0.951289968,1.769041538,4.195055008,-1.044783147,0.313661975,0.19841407,0.554446247,-2.927792902, 0.23641244183466942]
[289,-3.303537432,-2.339244505,-1.397494316,-0.885567502,1.76985693,4.186835289,-0.990747601,0.313665643,0.198379376,0.554394833,-2.927861891, 0.23648119956702512]
[290,-3.311888281,-2.274408003,-1.519254684,-0.830344991,1.770647526,4.178304672,-0.940223172,0.313692534,0.198426253,0.55437282,-2.927872749, 0.23645998972591825]
[291,-3.321818177,-2.208538195,-1.641043663,-0.776432828,1.771605968,4.168156624,-0.886028338,0.313701768,0.198412929,0.554351689,-2.927842888, 0.23647865209786814]
[292,-3.335827891,-2.151892324,-1.743498802,-0.733408765,1.772864819,4.15382719,-0.836238903,0.317114792,0.198448063,0.554377683,-2.92775099, 0.23642501436411978]
[293,-3.35956413,-2.092072626,-1.849032402,-0.692694501,1.774878025,4.129611969,-0.779674549,0.325928506,0.19840493,0.554364061,-2.927828048, 0.23649800873949706]
[294,-3.373276536,-2.037427565,-1.943528175,-0.655755834,1.77599287,4.115587234,-0.729990657,0.32590166,0.198380217,0.55435545,-2.927876321, 0.23651782479545658]
[295,-3.394592349,-1.965267798,-2.06393528,-0.611897306,1.777635098,4.093865395,-0.663311496,0.325917538,0.198388949,0.554226036,-2.927834881, 0.23644408087421118]
[296,-3.407858197,-1.926271101,-2.126580238,-0.591130094,1.778641224,4.080203056,-0.627015909,0.325931821,0.198388449,0.554352473,-2.927854489, 0.23652323652196033]
[297,-3.430066411,-1.868352552,-2.216010094,-0.564297513,1.780175686,4.057399273,-0.573179642,0.325908319,0.198402525,0.554463348,-2.92779526, 0.23646448440644677]
[298,-3.455679719,-1.825373312,-2.278681755,-0.550114469,1.781816959,4.031235218,-0.531332993,0.329533986,0.198400524,0.5544142,-2.927819056, 0.23650314623667842]
[299,-3.48975927,-1.759138723,-2.370041847,-0.532429532,1.78375864,3.996349812,-0.470747916,0.329513844,0.198368925,0.554401736,-2.927890874, 0.23654602522755405]
[300,-3.527743642,-1.696488043,-2.448723793,-0.524604635,1.785652637,3.957471609,-0.414922104,0.329541409,0.198410937,0.554359755,-2.927823492, 0.23651395152582172]
[301,-3.5277198,-1.696512362,-2.448723793,-0.524580793,1.785616398,3.957447529,-0.414931238,0.329536443,0.19840065,0.554433045,-2.927833349, 0.236470215785668]
