0.00,0.00,0.00,0.00,0.00,0.00,0.00,0.00
1621444700.00,-0.61,-2.29,-2.29,177.45,-177.24,-80.58,1.00
1621444700.00,-0.61,-2.29,-2.29,177.57,-177.31,-80.73,1.00
1621444700.00,-0.61,-2.29,-2.29,178.02,-177.18,-81.01,1.00
1621444700.00,-0.61,-2.29,-2.29,178.55,-176.95,-81.44,1.00
1621444700.00,-0.61,-2.29,-2.29,178.76,-176.75,-81.85,1.00
1621444700.00,-0.61,-2.29,-2.29,178.62,-176.83,-81.84,1.00
1621444700.00,-0.61,-2.29,-2.29,178.79,-176.87,-82.00,1.00
1621444700.00,-0.61,-2.29,-2.29,179.00,-176.80,-82.32,1.00
1621444700.00,-0.61,-2.29,-2.29,179.20,-176.29,-82.46,1.00
1621444700.00,-0.61,-2.29,-2.28,179.55,-175.98,-82.79,1.00
1621444700.00,-0.61,-2.29,-2.28,179.55,-175.93,-82.84,1.00
1621444700.00,-0.61,-2.29,-2.28,179.67,-175.77,-82.85,1.00
1621444700.00,-0.61,-2.29,-2.28,179.67,-175.75,-82.81,1.00
1621444708.00,-0.62,-2.28,-2.29,-179.79,-171.08,-87.73,2.00
1621444708.00,-0.62,-2.28,-2.30,179.54,-171.59,-86.90,2.00
1621444708.00,-0.61,-2.29,-2.30,178.45,-172.01,-86.10,2.00
1621444708.00,-0.61,-2.29,-2.30,178.31,-172.25,-85.76,2.00
1621444708.00,-0.61,-2.29,-2.30,178.21,-172.36,-85.42,2.00
1621444708.00,-0.61,-2.29,-2.30,178.33,-172.25,-85.43,2.00
1621444708.00,-0.61,-2.29,-2.30,177.57,-172.42,-84.98,2.00
1621444708.00,-0.61,-2.29,-2.30,177.73,-172.42,-85.07,2.00
1621444708.00,-0.61,-2.29,-2.30,178.01,-172.43,-85.25,2.00
1621444708.00,-0.61,-2.29,-2.30,178.27,-172.44,-85.45,2.00
1621444708.00,-0.61,-2.29,-2.30,178.05,-172.46,-85.42,2.00
1621444708.00,-0.61,-2.29,-2.30,178.01,-172.40,-85.40,2.00
1621444711.00,-0.60,-2.29,-2.32,173.99,-172.21,-86.52,3.00
1621444711.00,-0.60,-2.29,-2.32,174.35,-172.07,-87.00,3.00
1621444711.00,-0.60,-2.29,-2.32,174.48,-171.93,-87.14,3.00
1621444711.00,-0.60,-2.28,-2.32,175.38,-171.59,-87.72,3.00
1621444711.00,-0.60,-2.26,-2.32,177.89,-171.51,-89.10,3.00
1621444713.00,-0.59,-2.27,-2.34,173.52,-171.20,-87.04,4.00
1621444713.00,-0.59,-2.27,-2.34,172.40,-171.05,-86.33,4.00
1621444713.00,-0.58,-2.28,-2.35,170.88,-173.61,-86.36,4.00
1621444713.00,-0.58,-2.28,-2.35,170.17,-174.21,-87.07,4.00
1621444713.00,-0.58,-2.28,-2.35,169.28,-174.25,-86.47,4.00
1621444713.00,-0.58,-2.28,-2.35,167.88,-174.89,-84.96,4.00
1621444713.00,-0.58,-2.28,-2.35,168.06,-175.10,-85.14,4.00
1621444713.00,-0.58,-2.28,-2.35,169.02,-174.64,-86.67,4.00
1621444713.00,-0.58,-2.28,-2.35,169.03,-174.45,-86.74,4.00
1621444713.00,-0.58,-2.28,-2.35,168.68,-174.13,-86.44,4.00
1621444713.00,-0.58,-2.28,-2.35,168.52,-174.09,-86.40,4.00
1621444716.00,-0.59,-2.27,-2.36,171.66,-166.80,-90.04,5.00
1621444716.00,-0.59,-2.27,-2.36,171.54,-166.89,-89.87,5.00
1621444716.00,-0.59,-2.27,-2.36,171.21,-167.15,-89.70,5.00
1621444716.00,-0.59,-2.27,-2.37,170.39,-167.47,-88.90,5.00
1621444716.00,-0.58,-2.28,-2.37,167.75,-169.88,-88.49,5.00
1621444716.00,-0.58,-2.28,-2.37,166.87,-170.24,-88.10,5.00
1621444716.00,-0.58,-2.29,-2.37,166.51,-170.62,-87.78,5.00
1621444716.00,-0.58,-2.29,-2.37,166.00,-171.20,-87.52,5.00
1621444716.00,-0.58,-2.29,-2.37,166.25,-171.30,-87.75,5.00
1621444716.00,-0.58,-2.29,-2.37,166.56,-170.85,-88.08,5.00
1621444716.00,-0.58,-2.29,-2.37,166.69,-170.43,-88.26,5.00
1621444716.00,-0.58,-2.29,-2.37,166.79,-170.26,-88.36,5.00
1621444716.00,-0.58,-2.29,-2.37,166.81,-170.12,-88.39,5.00
1621444719.00,-0.57,-2.27,-2.38,169.58,-168.34,-90.99,6.00
1621444719.00,-0.57,-2.28,-2.39,165.02,-169.83,-88.88,6.00
1621444719.00,-0.57,-2.29,-2.40,162.84,-170.50,-87.12,6.00
1621444719.00,-0.57,-2.29,-2.40,162.38,-171.48,-86.47,6.00
1621444719.00,-0.57,-2.29,-2.40,162.39,-171.72,-86.57,6.00
1621444719.00,-0.57,-2.29,-2.40,162.73,-171.59,-86.82,6.00
1621444719.00,-0.57,-2.29,-2.40,162.94,-171.39,-87.13,6.00
1621444719.00,-0.57,-2.29,-2.39,163.01,-170.72,-87.73,6.00
1621444719.00,-0.57,-2.29,-2.39,163.14,-170.04,-88.19,6.00
1621444719.00,-0.57,-2.29,-2.39,163.11,-170.00,-88.28,6.00
1621444719.00,-0.57,-2.29,-2.39,163.05,-170.01,-88.28,6.00
1621444719.00,-0.57,-2.29,-2.39,163.05,-170.07,-88.27,6.00
1621444719.00,-0.57,-2.29,-2.39,163.01,-170.36,-88.04,6.00
1621444719.00,-0.57,-2.29,-2.39,162.78,-170.52,-87.74,6.00
1621444722.00,-0.56,-2.29,-2.41,157.50,-169.34,-90.03,7.00
1621444722.00,-0.55,-2.29,-2.42,156.98,-170.00,-88.84,7.00
1621444722.00,-0.55,-2.29,-2.42,156.53,-170.46,-88.33,7.00
1621444722.00,-0.55,-2.29,-2.42,156.15,-170.80,-88.12,7.00
1621444722.00,-0.55,-2.29,-2.42,156.95,-170.84,-89.17,7.00
1621444722.00,-0.55,-2.29,-2.41,157.97,-170.50,-90.69,7.00
1621444722.00,-0.55,-2.29,-2.41,158.14,-170.19,-91.02,7.00
1621444722.00,-0.56,-2.29,-2.41,158.41,-169.96,-91.25,7.00
1621444722.00,-0.56,-2.29,-2.41,158.54,-169.81,-91.28,7.00
1621444722.00,-0.56,-2.29,-2.41,159.13,-169.51,-91.94,7.00
1621444722.00,-0.56,-2.29,-2.41,158.96,-169.77,-91.79,7.00
1621444722.00,-0.56,-2.29,-2.41,158.91,-169.89,-91.68,7.00
1621444722.00,-0.56,-2.29,-2.41,158.88,-170.04,-91.50,7.00
1621444722.00,-0.56,-2.29,-2.41,158.91,-170.03,-91.44,7.00
1621444725.00,-0.54,-2.29,-2.44,153.18,-171.52,-89.13,8.00
1621444725.00,-0.54,-2.29,-2.44,152.45,-171.54,-88.94,8.00
1621444725.00,-0.54,-2.29,-2.44,152.38,-171.39,-88.80,8.00
1621444725.00,-0.54,-2.29,-2.44,152.63,-171.18,-88.76,8.00
1621444725.00,-0.54,-2.29,-2.44,152.75,-170.83,-88.76,8.00
1621444725.00,-0.54,-2.29,-2.44,153.19,-170.59,-89.65,8.00
1621444725.00,-0.54,-2.29,-2.44,153.49,-170.60,-89.87,8.00
1621444725.00,-0.54,-2.29,-2.44,153.32,-170.79,-89.84,8.00
1621444725.00,-0.54,-2.29,-2.44,153.43,-170.83,-89.96,8.00
1621444725.00,-0.54,-2.29,-2.44,153.72,-170.82,-90.18,8.00
1621444728.00,-0.53,-2.26,-2.45,158.18,-169.58,-92.66,9.00
1621444728.00,-0.53,-2.27,-2.45,157.48,-169.27,-92.29,9.00
1621444728.00,-0.53,-2.27,-2.45,156.55,-168.93,-91.96,9.00
1621444728.00,-0.54,-2.28,-2.46,153.62,-168.54,-90.86,9.00
1621444728.00,-0.54,-2.29,-2.47,150.48,-169.08,-87.77,9.00
1621444728.00,-0.53,-2.29,-2.47,150.00,-170.38,-86.32,9.00
1621444728.00,-0.53,-2.29,-2.47,150.06,-170.81,-86.88,9.00
1621444728.00,-0.53,-2.29,-2.47,150.16,-170.71,-87.18,9.00
1621444728.00,-0.53,-2.29,-2.47,150.68,-170.22,-87.80,9.00
1621444728.00,-0.53,-2.29,-2.47,150.80,-170.02,-87.92,9.00
1621444728.00,-0.53,-2.29,-2.47,150.69,-169.87,-87.88,9.00
1621444728.00,-0.53,-2.29,-2.47,150.65,-169.67,-87.96,9.00
1621444728.00,-0.53,-2.29,-2.47,150.84,-169.60,-88.12,9.00
1621444728.00,-0.53,-2.29,-2.47,150.87,-169.61,-88.26,9.00
1621444731.00,-0.52,-2.27,-2.48,153.48,-169.29,-90.81,10.00
1621444731.00,-0.52,-2.27,-2.48,153.70,-169.44,-91.05,10.00
1621444731.00,-0.52,-2.27,-2.48,154.04,-169.60,-91.31,10.00
1621444731.00,-0.52,-2.28,-2.48,153.49,-170.25,-91.76,10.00
1621444731.00,-0.52,-2.28,-2.48,152.55,-170.20,-92.30,10.00
1621444731.00,-0.51,-2.28,-2.48,151.87,-170.30,-93.73,10.00
1621444731.00,-0.51,-2.29,-2.48,150.36,-170.26,-94.85,10.00
1621444731.00,-0.51,-2.29,-2.48,149.08,-170.90,-94.10,10.00
1621444731.00,-0.51,-2.29,-2.48,148.58,-171.34,-93.18,10.00
1621444731.00,-0.51,-2.29,-2.48,148.00,-171.45,-92.31,10.00
1621444731.00,-0.51,-2.29,-2.48,147.87,-171.48,-92.13,10.00
1621444731.00,-0.51,-2.29,-2.48,147.88,-171.50,-92.15,10.00
1621444731.00,-0.51,-2.29,-2.48,147.77,-171.21,-92.21,10.00
1621444731.00,-0.51,-2.29,-2.48,147.89,-171.14,-92.27,10.00
1621444731.00,-0.51,-2.29,-2.48,147.96,-171.15,-92.30,10.00
1621444732.00,-0.51,-2.29,-2.48,147.94,-171.19,-92.31,11.00
1621444732.00,-0.51,-2.29,-2.48,147.94,-171.17,-92.33,11.00
1621444732.00,-0.51,-2.29,-2.48,148.14,-171.17,-92.40,11.00
1621444732.00,-0.51,-2.29,-2.48,147.98,-171.27,-92.28,11.00
1621444732.00,-0.51,-2.29,-2.48,148.20,-172.11,-92.01,11.00
1621444732.00,-0.51,-2.26,-2.48,151.00,-171.39,-93.07,11.00
1621444732.00,-0.52,-2.22,-2.47,155.90,-165.09,-98.51,11.00
1621444732.00,-0.52,-2.22,-2.48,153.91,-162.77,-98.29,11.00
1621444732.00,-0.52,-2.23,-2.48,152.53,-162.57,-97.47,11.00
1621444735.00,-0.51,-2.29,-2.52,138.06,-170.51,-89.01,12.00
1621444735.00,-0.51,-2.29,-2.52,138.14,-170.05,-89.60,12.00
1621444735.00,-0.51,-2.29,-2.52,138.33,-169.05,-90.69,12.00
1621444735.00,-0.51,-2.29,-2.51,138.42,-168.67,-90.97,12.00
1621444735.00,-0.51,-2.29,-2.52,138.06,-168.75,-90.63,12.00
1621444735.00,-0.51,-2.29,-2.51,138.64,-168.97,-91.33,12.00
1621444735.00,-0.51,-2.29,-2.51,138.67,-168.80,-91.50,12.00
1621444735.00,-0.51,-2.29,-2.51,138.80,-168.39,-91.56,12.00
1621444735.00,-0.50,-2.28,-2.51,140.76,-169.12,-92.94,12.00
1621444738.00,-0.49,-2.29,-2.54,138.35,-168.68,-92.30,13.00
1621444738.00,-0.49,-2.29,-2.54,138.59,-168.51,-92.74,13.00
1621444738.00,-0.49,-2.29,-2.53,138.88,-168.43,-92.91,13.00
1621444738.00,-0.49,-2.29,-2.53,139.16,-167.94,-93.60,13.00
1621444738.00,-0.49,-2.29,-2.53,138.53,-167.84,-93.27,13.00
1621444738.00,-0.49,-2.29,-2.53,138.38,-167.80,-92.99,13.00
1621444738.00,-0.50,-2.29,-2.54,138.12,-167.82,-92.63,13.00
1621444738.00,-0.50,-2.29,-2.54,137.87,-168.16,-92.03,13.00
1621444738.00,-0.49,-2.28,-2.54,138.67,-168.77,-92.16,13.00
1621444738.00,-0.49,-2.28,-2.54,139.80,-168.15,-92.19,13.00
1621444738.00,-0.51,-2.23,-2.52,146.26,-160.24,-95.52,13.00
1621444743.00,-0.47,-2.28,-2.57,140.94,-164.91,-99.27,14.00
1621444743.00,-0.46,-2.29,-2.58,135.02,-168.00,-96.01,14.00
1621444743.00,-0.46,-2.29,-2.58,134.97,-167.79,-96.09,14.00
1621444743.00,-0.46,-2.29,-2.58,134.86,-167.55,-96.10,14.00
1621444748.00,-0.45,-2.29,-2.60,136.30,-168.77,-94.81,15.00
1621444748.00,-0.45,-2.29,-2.60,136.30,-168.85,-94.76,15.00
1621444748.00,-0.45,-2.29,-2.60,136.28,-168.90,-94.73,15.00
1621444748.00,-0.45,-2.29,-2.60,136.17,-169.05,-94.60,15.00
1621444748.00,-0.45,-2.29,-2.60,136.10,-169.10,-94.46,15.00
1621444748.00,-0.45,-2.29,-2.60,136.06,-169.09,-94.43,15.00
1621444748.00,-0.45,-2.29,-2.60,136.04,-168.93,-94.47,15.00
1621444748.00,-0.45,-2.29,-2.60,136.17,-168.86,-94.47,15.00
1621444748.00,-0.45,-2.28,-2.60,136.29,-169.07,-94.44,15.00
1621444748.00,-0.45,-2.28,-2.60,135.88,-171.15,-92.04,15.00
1621444748.00,-0.50,-2.19,-2.53,148.16,-144.25,-114.88,15.00
1621444752.00,-0.65,-2.29,-2.28,177.35,-168.68,-86.53,16.00
1621444752.00,-0.65,-2.29,-2.28,177.29,-168.65,-86.07,16.00
1621444752.00,-0.65,-2.29,-2.28,177.35,-168.56,-86.11,16.00
1621444752.00,-0.65,-2.29,-2.28,177.37,-168.39,-86.29,16.00
1621444752.00,-0.65,-2.29,-2.28,177.54,-168.36,-86.44,16.00
1621444752.00,-0.65,-2.29,-2.28,177.68,-168.34,-86.55,16.00
1621444752.00,-0.65,-2.29,-2.28,177.80,-168.36,-86.61,16.00
1621444752.00,-0.65,-2.29,-2.28,177.79,-168.32,-86.56,16.00
1621444755.00,-0.64,-2.29,-2.31,168.42,-168.15,-85.16,17.00
1621444755.00,-0.64,-2.30,-2.31,168.75,-168.14,-85.74,17.00
1621444755.00,-0.64,-2.30,-2.31,168.94,-168.36,-85.95,17.00
1621444755.00,-0.64,-2.29,-2.31,168.77,-168.58,-86.48,17.00
1621444755.00,-0.64,-2.29,-2.31,168.83,-168.35,-86.10,17.00
1621444755.00,-0.64,-2.29,-2.31,169.12,-168.08,-85.79,17.00
1621444755.00,-0.64,-2.29,-2.31,169.30,-168.44,-85.81,17.00
1621444755.00,-0.64,-2.29,-2.31,169.50,-168.53,-86.08,17.00
1621444755.00,-0.64,-2.29,-2.31,169.60,-168.50,-86.20,17.00
1621444755.00,-0.64,-2.29,-2.31,169.79,-168.40,-86.42,17.00
1621444755.00,-0.64,-2.29,-2.31,169.81,-168.32,-86.42,17.00
1621444755.00,-0.64,-2.29,-2.31,169.86,-168.21,-86.38,17.00
1621444758.00,-0.62,-2.29,-2.33,170.49,-171.09,-86.07,18.00
1621444758.00,-0.62,-2.29,-2.33,170.42,-171.76,-85.94,18.00
1621444758.00,-0.62,-2.29,-2.33,170.36,-171.85,-85.84,18.00
1621444758.00,-0.62,-2.29,-2.33,170.44,-171.76,-86.12,18.00
1621444758.00,-0.62,-2.29,-2.33,171.50,-171.65,-86.85,18.00
1621444758.00,-0.62,-2.29,-2.33,172.18,-171.32,-87.55,18.00
1621444758.00,-0.62,-2.28,-2.33,172.72,-170.86,-88.28,18.00
1621444758.00,-0.62,-2.28,-2.32,173.34,-170.96,-89.02,18.00
1621444758.00,-0.62,-2.28,-2.32,173.53,-170.98,-89.17,18.00
1621444761.00,-0.60,-2.28,-2.35,170.16,-173.07,-87.70,19.00
1621444761.00,-0.60,-2.28,-2.35,170.34,-172.93,-87.89,19.00
1621444761.00,-0.60,-2.28,-2.35,170.61,-172.72,-88.38,19.00
1621444761.00,-0.60,-2.28,-2.35,170.62,-172.67,-88.40,19.00
1621444761.00,-0.60,-2.28,-2.35,170.56,-172.63,-88.17,19.00
1621444761.00,-0.60,-2.28,-2.35,170.67,-172.25,-88.22,19.00
1621444761.00,-0.60,-2.28,-2.35,170.75,-172.00,-88.27,19.00
1621444761.00,-0.61,-2.28,-2.35,170.72,-171.77,-88.15,19.00
1621444761.00,-0.61,-2.28,-2.35,170.78,-171.56,-88.06,19.00
1621444765.00,-0.61,-2.27,-2.38,165.39,-166.83,-86.28,20.00
1621444765.00,-0.61,-2.27,-2.38,163.68,-166.87,-84.97,20.00
1621444765.00,-0.60,-2.28,-2.39,162.37,-170.54,-83.82,20.00
1621444765.00,-0.60,-2.28,-2.39,162.22,-170.69,-83.37,20.00
1621444765.00,-0.60,-2.28,-2.39,162.32,-170.16,-83.07,20.00
1621444765.00,-0.60,-2.28,-2.39,162.61,-169.85,-83.36,20.00
1621444765.00,-0.60,-2.28,-2.39,163.18,-169.33,-84.26,20.00
1621444765.00,-0.60,-2.28,-2.39,163.09,-169.32,-84.52,20.00
1621444765.00,-0.60,-2.28,-2.38,164.51,-169.01,-85.61,20.00
1621444769.00,-0.60,-2.29,-2.42,167.59,-166.98,-82.88,21.00
1621444769.00,-0.60,-2.29,-2.42,167.52,-167.05,-82.85,21.00
1621444769.00,-0.60,-2.29,-2.42,167.46,-167.08,-82.80,21.00
1621444769.00,-0.60,-2.29,-2.42,167.48,-167.04,-82.79,21.00
1621444769.00,-0.60,-2.29,-2.42,167.58,-166.92,-82.79,21.00
1621444769.00,-0.60,-2.29,-2.42,167.50,-166.98,-82.79,21.00
1621444769.00,-0.60,-2.29,-2.42,167.45,-167.02,-82.86,21.00
1621444769.00,-0.60,-2.29,-2.42,167.52,-166.99,-83.39,21.00
1621444769.00,-0.60,-2.29,-2.42,167.43,-166.95,-83.31,21.00
1621444769.00,-0.60,-2.29,-2.41,167.60,-166.96,-84.33,21.00
1621444769.00,-0.60,-2.28,-2.41,167.38,-167.30,-84.25,21.00
1621444773.00,-0.59,-2.29,-2.44,163.20,-165.28,-83.72,22.00
1621444773.00,-0.59,-2.29,-2.44,163.68,-165.17,-84.31,22.00
1621444773.00,-0.59,-2.29,-2.44,163.80,-165.06,-84.56,22.00
1621444773.00,-0.59,-2.29,-2.43,164.15,-165.01,-84.93,22.00
1621444773.00,-0.59,-2.28,-2.43,164.62,-165.80,-86.58,22.00
1621444776.00,-0.57,-2.28,-2.45,162.33,-168.05,-89.09,23.00
1621444776.00,-0.57,-2.28,-2.45,161.57,-167.57,-88.12,23.00
1621444776.00,-0.57,-2.28,-2.45,161.66,-167.61,-88.17,23.00
1621444776.00,-0.57,-2.28,-2.45,161.75,-167.66,-88.21,23.00
1621444776.00,-0.57,-2.28,-2.45,161.79,-167.38,-88.19,23.00
1621444776.00,-0.57,-2.29,-2.45,161.94,-167.21,-88.39,23.00
1621444776.00,-0.57,-2.29,-2.45,161.83,-167.13,-88.37,23.00
1621444776.00,-0.57,-2.29,-2.45,161.80,-167.07,-88.28,23.00
1621444776.00,-0.57,-2.28,-2.45,161.79,-167.09,-88.27,23.00
1621444779.00,-0.56,-2.27,-2.45,163.40,-164.88,-94.11,24.00
1621444779.00,-0.56,-2.27,-2.45,163.20,-165.22,-93.94,24.00
1621444779.00,-0.56,-2.28,-2.47,155.12,-166.84,-87.34,24.00
1621444779.00,-0.56,-2.28,-2.47,154.19,-167.22,-87.33,24.00
1621444779.00,-0.56,-2.28,-2.48,154.07,-167.27,-86.93,24.00
1621444779.00,-0.56,-2.28,-2.48,153.71,-168.44,-87.18,24.00
1621444779.00,-0.55,-2.28,-2.47,154.82,-169.14,-87.96,24.00
1621444779.00,-0.55,-2.28,-2.47,155.28,-168.62,-88.74,24.00
1621444779.00,-0.55,-2.29,-2.47,155.74,-168.24,-89.03,24.00
1621444779.00,-0.55,-2.29,-2.47,155.76,-168.23,-89.01,24.00
1621444779.00,-0.55,-2.29,-2.47,155.77,-168.23,-88.93,24.00
1621444779.00,-0.55,-2.29,-2.47,155.70,-168.23,-88.71,24.00
1621444783.00,-0.54,-2.29,-2.49,155.34,-169.31,-90.16,25.00
1621444783.00,-0.54,-2.29,-2.49,155.89,-168.05,-90.44,25.00
1621444783.00,-0.54,-2.29,-2.49,155.75,-167.93,-90.60,25.00
1621444783.00,-0.54,-2.29,-2.49,155.60,-168.40,-90.83,25.00
1621444783.00,-0.54,-2.29,-2.49,155.78,-167.95,-91.22,25.00
1621444783.00,-0.54,-2.29,-2.49,155.76,-167.89,-91.17,25.00
1621444783.00,-0.54,-2.29,-2.49,155.56,-167.86,-90.99,25.00
1621444783.00,-0.54,-2.29,-2.49,155.27,-167.86,-90.72,25.00
1621444783.00,-0.54,-2.29,-2.49,154.68,-167.99,-90.18,25.00
1621444783.00,-0.54,-2.29,-2.49,154.74,-168.13,-90.18,25.00
1621444786.00,-0.53,-2.29,-2.53,148.28,-168.73,-88.21,26.00
1621444786.00,-0.53,-2.29,-2.53,148.42,-168.50,-88.50,26.00
1621444786.00,-0.53,-2.29,-2.52,148.96,-168.11,-88.94,26.00
1621444786.00,-0.53,-2.29,-2.53,149.06,-168.14,-88.68,26.00
1621444786.00,-0.53,-2.29,-2.52,149.23,-168.14,-88.87,26.00
1621444786.00,-0.53,-2.29,-2.53,149.05,-168.32,-88.58,26.00
1621444786.00,-0.53,-2.29,-2.53,149.04,-168.45,-88.42,26.00
1621444786.00,-0.53,-2.29,-2.53,149.13,-168.49,-88.51,26.00
1621444789.00,-0.51,-2.29,-2.55,145.71,-169.53,-88.65,28.00
1621444789.00,-0.51,-2.29,-2.55,145.54,-169.76,-88.32,28.00
1621444789.00,-0.51,-2.29,-2.55,146.52,-168.70,-90.03,28.00
1621444789.00,-0.51,-2.29,-2.55,146.70,-168.62,-90.18,28.00
1621444789.00,-0.51,-2.29,-2.55,146.71,-168.66,-90.16,28.00
1621444789.00,-0.51,-2.29,-2.55,146.46,-168.40,-90.00,28.00
1621444789.00,-0.51,-2.29,-2.55,146.52,-168.29,-90.08,28.00
1621444789.00,-0.51,-2.29,-2.55,146.53,-168.24,-90.15,28.00
1621444789.00,-0.51,-2.29,-2.55,146.79,-168.19,-90.46,28.00
1621444789.00,-0.51,-2.29,-2.55,146.95,-168.12,-90.60,28.00
1621444789.00,-0.51,-2.29,-2.55,146.99,-168.05,-90.64,28.00
1621444789.00,-0.51,-2.29,-2.55,146.99,-167.97,-90.67,28.00
1621444789.00,-0.51,-2.29,-2.55,146.98,-167.89,-90.63,28.00
1621444792.00,-0.50,-2.29,-2.58,140.74,-168.46,-88.19,29.00
1621444792.00,-0.50,-2.29,-2.57,141.78,-168.01,-89.90,29.00
1621444792.00,-0.50,-2.29,-2.57,142.53,-167.99,-90.69,29.00
1621444792.00,-0.50,-2.29,-2.56,144.05,-166.34,-93.65,29.00
1621444792.00,-0.50,-2.29,-2.56,143.82,-166.24,-93.35,29.00
1621444792.00,-0.50,-2.29,-2.56,144.16,-166.20,-93.56,29.00
1621444792.00,-0.50,-2.29,-2.56,144.13,-166.29,-93.40,29.00
1621444792.00,-0.50,-2.29,-2.56,144.16,-166.38,-93.33,29.00
1621444792.00,-0.50,-2.29,-2.56,144.14,-166.48,-93.25,29.00
1621444795.00,-0.50,-2.27,-2.57,148.92,-162.42,-97.40,30.00
1621444795.00,-0.50,-2.27,-2.57,149.08,-162.35,-96.95,30.00
1621444795.00,-0.50,-2.28,-2.59,144.78,-163.75,-93.88,30.00
1621444795.00,-0.49,-2.29,-2.59,144.88,-165.56,-93.52,30.00
1621444795.00,-0.50,-2.30,-2.59,142.66,-164.56,-92.03,30.00
1621444795.00,-0.50,-2.29,-2.59,143.21,-163.77,-92.25,30.00
1621444795.00,-0.50,-2.29,-2.59,143.33,-163.76,-92.48,30.00
1621444795.00,-0.50,-2.29,-2.59,143.35,-164.21,-92.75,30.00
1621444795.00,-0.50,-2.29,-2.59,143.38,-164.36,-92.75,30.00
1621444795.00,-0.50,-2.29,-2.59,143.07,-164.26,-92.51,30.00
1621444795.00,-0.50,-2.29,-2.59,142.96,-164.15,-92.41,30.00
1621444802.00,-0.66,-2.29,-2.30,172.08,-169.47,-81.98,31.00
1621444802.00,-0.66,-2.29,-2.30,171.56,-169.60,-81.28,31.00
1621444802.00,-0.65,-2.29,-2.31,171.20,-171.99,-80.75,31.00
1621444802.00,-0.65,-2.29,-2.31,171.17,-172.17,-80.97,31.00
1621444802.00,-0.65,-2.29,-2.30,172.74,-171.92,-82.48,31.00
1621444802.00,-0.66,-2.29,-2.30,173.43,-171.49,-82.38,31.00
1621444805.00,-0.65,-2.29,-2.32,174.07,-169.48,-84.93,32.00
1621444805.00,-0.65,-2.29,-2.32,174.28,-169.45,-85.07,32.00
1621444805.00,-0.65,-2.29,-2.32,173.91,-169.41,-84.57,32.00
1621444805.00,-0.65,-2.29,-2.32,174.29,-169.09,-85.13,32.00
1621444805.00,-0.65,-2.29,-2.32,174.35,-168.98,-85.23,32.00
1621444808.00,-0.63,-2.29,-2.34,168.25,-170.93,-86.23,33.00
1621444808.00,-0.63,-2.29,-2.34,168.25,-170.74,-86.23,33.00
1621444808.00,-0.63,-2.29,-2.34,168.19,-170.88,-86.25,33.00
1621444808.00,-0.63,-2.29,-2.34,168.27,-170.98,-86.32,33.00
1621444808.00,-0.63,-2.29,-2.34,168.29,-171.10,-86.41,33.00
1621444808.00,-0.63,-2.29,-2.34,168.33,-171.14,-86.55,33.00
1621444808.00,-0.63,-2.29,-2.34,168.30,-171.19,-86.54,33.00
1621444808.00,-0.63,-2.29,-2.34,168.36,-171.24,-86.56,33.00
1621444808.00,-0.63,-2.29,-2.34,168.65,-171.23,-86.80,33.00
1621444808.00,-0.63,-2.29,-2.34,168.71,-171.22,-86.80,33.00
1621444808.00,-0.63,-2.29,-2.34,168.69,-171.20,-86.73,33.00
1621444808.00,-0.63,-2.29,-2.34,169.15,-171.31,-86.63,33.00
1621444812.00,-0.62,-2.29,-2.36,166.00,-169.94,-87.19,34.00
1621444812.00,-0.64,-2.21,-2.36,171.16,-158.19,-90.57,34.00
1621444812.00,-0.64,-2.22,-2.37,170.63,-159.14,-90.72,34.00
1621444815.00,-0.61,-2.29,-2.39,164.10,-171.03,-86.75,35.00
1621444815.00,-0.61,-2.29,-2.39,163.98,-170.99,-86.50,35.00
1621444815.00,-0.61,-2.28,-2.39,164.00,-171.65,-86.33,35.00
1621444815.00,-0.62,-2.24,-2.39,168.04,-166.88,-85.89,35.00
1621444815.00,-0.63,-2.20,-2.38,171.15,-158.25,-88.50,35.00
1621444815.00,-0.63,-2.19,-2.38,169.95,-157.50,-87.18,35.00
1621444815.00,-0.62,-2.21,-2.38,167.97,-157.52,-89.14,35.00
1621444818.00,-0.59,-2.29,-2.41,159.82,-170.85,-87.27,36.00
1621444818.00,-0.60,-2.26,-2.40,163.51,-168.64,-88.35,36.00
1621444818.00,-0.61,-2.20,-2.40,166.95,-159.93,-89.09,36.00
1621444821.00,-0.58,-2.29,-2.43,156.84,-171.09,-89.19,37.00
1621444821.00,-0.58,-2.29,-2.43,156.64,-171.04,-89.07,37.00
1621444821.00,-0.58,-2.29,-2.43,156.88,-170.94,-89.43,37.00
1621444821.00,-0.58,-2.28,-2.43,157.44,-171.06,-89.61,37.00
1621444821.00,-0.58,-2.25,-2.42,159.91,-172.41,-88.60,37.00
1621444821.00,-0.58,-2.24,-2.42,162.63,-168.16,-91.09,37.00
1621444821.00,-0.59,-2.21,-2.41,166.08,-162.49,-94.97,37.00
1621444821.00,-0.60,-2.18,-2.41,164.79,-156.98,-95.97,37.00
1621444821.00,-0.59,-2.20,-2.42,163.41,-157.61,-96.14,37.00
1621444821.00,-0.59,-2.20,-2.42,163.35,-157.86,-96.23,37.00
1621444824.00,-0.57,-2.29,-2.45,150.09,-169.19,-91.83,38.00
1621444824.00,-0.57,-2.29,-2.45,150.05,-169.20,-91.73,38.00
1621444824.00,-0.57,-2.29,-2.45,150.55,-169.19,-91.88,38.00
1621444824.00,-0.57,-2.25,-2.44,155.34,-166.14,-92.66,38.00
1621444824.00,-0.58,-2.22,-2.43,159.08,-162.24,-94.97,38.00
1621444824.00,-0.59,-2.20,-2.43,161.83,-157.51,-97.08,38.00
1621444824.00,-0.59,-2.19,-2.44,159.36,-154.23,-97.75,38.00
1621444824.00,-0.59,-2.19,-2.44,158.21,-154.15,-97.53,38.00
1621444827.00,-0.55,-2.29,-2.47,146.47,-170.24,-91.65,39.00
1621444827.00,-0.55,-2.29,-2.48,147.08,-170.93,-91.13,39.00
1621444827.00,-0.55,-2.29,-2.47,147.44,-170.84,-91.56,39.00
1621444827.00,-0.55,-2.29,-2.47,147.59,-170.76,-91.72,39.00
1621444827.00,-0.55,-2.29,-2.47,147.54,-170.63,-91.77,39.00
1621444827.00,-0.55,-2.29,-2.47,147.49,-170.69,-91.60,39.00
1621444830.00,-0.55,-2.29,-2.49,145.88,-167.48,-93.69,40.00
1621444830.00,-0.55,-2.29,-2.49,145.30,-167.85,-92.70,40.00
1621444830.00,-0.55,-2.29,-2.49,145.28,-167.62,-92.69,40.00
1621444833.00,-0.54,-2.28,-2.51,148.39,-166.65,-94.77,41.00
1621444833.00,-0.54,-2.28,-2.51,146.97,-166.78,-94.66,41.00
1621444833.00,-0.53,-2.28,-2.52,146.34,-166.79,-94.84,41.00
1621444833.00,-0.54,-2.30,-2.52,143.58,-168.52,-91.75,41.00
1621444833.00,-0.54,-2.30,-2.53,142.48,-168.44,-90.36,41.00
1621444833.00,-0.54,-2.29,-2.53,141.74,-168.94,-89.14,41.00
1621444833.00,-0.54,-2.29,-2.52,143.92,-167.76,-91.88,41.00
1621444833.00,-0.54,-2.29,-2.52,144.23,-167.70,-92.27,41.00
1621444833.00,-0.54,-2.29,-2.52,144.54,-167.60,-92.45,41.00
1621444833.00,-0.54,-2.29,-2.52,144.57,-167.54,-92.64,41.00
1621444836.00,-0.53,-2.28,-2.54,145.45,-165.91,-93.52,42.00
1621444836.00,-0.53,-2.29,-2.54,141.16,-163.86,-96.15,42.00
1621444836.00,-0.53,-2.29,-2.54,141.00,-163.17,-96.76,42.00
1621444836.00,-0.53,-2.29,-2.54,140.13,-164.17,-94.77,42.00
1621444836.00,-0.53,-2.29,-2.54,140.23,-164.57,-94.58,42.00
1621444836.00,-0.53,-2.29,-2.54,140.14,-164.65,-94.72,42.00
1621444836.00,-0.53,-2.29,-2.54,140.16,-164.59,-94.71,42.00
1621444836.00,-0.53,-2.29,-2.54,140.13,-164.59,-94.60,42.00
1621444836.00,-0.53,-2.29,-2.54,140.11,-164.58,-94.51,42.00
1621444836.00,-0.53,-2.29,-2.54,140.02,-164.54,-94.48,42.00
1621444840.00,-0.51,-2.28,-2.55,145.81,-164.70,-98.55,43.00
1621444840.00,-0.51,-2.28,-2.56,143.41,-165.35,-96.28,43.00
1621444840.00,-0.51,-2.29,-2.57,139.47,-165.86,-94.50,43.00
1621444840.00,-0.51,-2.29,-2.57,139.50,-165.81,-94.33,43.00
1621444840.00,-0.51,-2.29,-2.57,139.73,-165.74,-94.57,43.00
1621444844.00,-0.50,-2.30,-2.57,137.76,-159.98,-102.62,44.00
1621444844.00,-0.50,-2.30,-2.57,137.54,-160.05,-102.38,44.00
1621444844.00,-0.50,-2.30,-2.57,137.41,-160.12,-102.16,44.00
1621444844.00,-0.50,-2.30,-2.57,137.32,-160.18,-102.01,44.00
1621444844.00,-0.50,-2.30,-2.57,137.40,-160.21,-102.18,44.00
1621444844.00,-0.50,-2.29,-2.57,138.32,-162.10,-100.99,44.00
1621444844.00,-0.51,-2.26,-2.56,143.80,-164.74,-100.14,44.00
1621444844.00,-0.51,-2.25,-2.55,146.68,-159.52,-104.56,44.00
1621444847.00,-0.50,-2.30,-2.59,135.65,-154.31,-107.31,45.00
1621444847.00,-0.50,-2.30,-2.59,135.52,-154.31,-107.27,45.00
1621444847.00,-0.50,-2.30,-2.59,135.73,-154.36,-107.40,45.00
1621444847.00,-0.50,-2.30,-2.59,135.96,-154.13,-107.65,45.00
1621444847.00,-0.50,-2.30,-2.59,135.86,-154.02,-107.49,45.00
1621444847.00,-0.50,-2.30,-2.59,135.86,-154.00,-107.40,45.00
1621444847.00,-0.50,-2.30,-2.59,136.16,-153.96,-107.82,45.00
1621444847.00,-0.50,-2.30,-2.59,136.39,-154.15,-107.88,45.00
1621444851.00,-0.65,-2.29,-2.30,173.46,-175.77,-84.50,46.00
1621444851.00,-0.65,-2.29,-2.30,173.57,-175.39,-84.81,46.00
1621444851.00,-0.65,-2.29,-2.30,173.29,-175.49,-84.05,46.00
1621444851.00,-0.65,-2.29,-2.30,173.25,-175.64,-83.86,46.00
1621444851.00,-0.66,-2.29,-2.30,173.51,-174.89,-84.29,46.00
1621444851.00,-0.66,-2.29,-2.30,173.58,-175.02,-84.18,46.00
1621444851.00,-0.66,-2.29,-2.30,173.90,-174.74,-84.30,46.00
1621444854.00,-0.64,-2.29,-2.31,172.22,-174.91,-87.87,47.00
1621444854.00,-0.64,-2.29,-2.32,172.17,-174.90,-87.62,47.00
1621444854.00,-0.64,-2.29,-2.32,172.04,-174.93,-87.07,47.00
1621444854.00,-0.64,-2.29,-2.32,172.39,-174.80,-87.78,47.00
1621444854.00,-0.64,-2.29,-2.32,172.52,-174.64,-87.67,47.00
1621444854.00,-0.64,-2.29,-2.32,172.52,-174.60,-87.57,47.00
1621444854.00,-0.64,-2.29,-2.32,172.42,-174.61,-87.51,47.00
1621444854.00,-0.64,-2.29,-2.32,172.59,-174.59,-87.65,47.00
1621444857.00,-0.64,-2.26,-2.33,174.57,-170.81,-87.83,48.00
1621444857.00,-0.64,-2.29,-2.35,166.30,-173.14,-86.13,48.00
1621444857.00,-0.64,-2.28,-2.35,163.75,-173.76,-84.68,48.00
1621444861.00,-0.63,-2.29,-2.37,164.04,-172.76,-87.25,49.00
1621444861.00,-0.63,-2.29,-2.37,163.49,-172.98,-86.41,49.00
1621444861.00,-0.63,-2.29,-2.37,163.82,-172.95,-87.06,49.00
1621444861.00,-0.63,-2.29,-2.37,163.64,-173.04,-86.87,49.00
1621444861.00,-0.63,-2.29,-2.37,163.54,-173.13,-86.69,49.00
1621444861.00,-0.63,-2.29,-2.37,163.62,-173.14,-86.67,49.00
1621444861.00,-0.63,-2.29,-2.37,163.47,-173.48,-86.21,49.00
1621444865.00,-0.62,-2.29,-2.38,158.63,-170.86,-90.66,50.00
1621444865.00,-0.62,-2.29,-2.38,158.72,-170.95,-90.33,50.00
1621444865.00,-0.62,-2.26,-2.38,161.97,-173.46,-88.82,50.00
1621444865.00,-0.62,-2.19,-2.36,167.17,-159.29,-95.71,50.00
1621444865.00,-0.62,-2.19,-2.37,166.92,-159.84,-95.44,50.00
1621444867.00,-0.61,-2.26,-2.39,163.20,-171.04,-92.32,51.00
1621444867.00,-0.61,-2.27,-2.40,160.96,-171.50,-90.70,51.00
1621444874.00,-0.59,-2.29,-2.43,149.40,-170.53,-89.35,52.00
1621444874.00,-0.59,-2.29,-2.44,149.68,-171.08,-88.93,52.00
1621444874.00,-0.59,-2.28,-2.44,150.15,-171.29,-88.77,52.00
1621444874.00,-0.61,-2.23,-2.42,157.36,-165.80,-89.40,52.00
1621444874.00,-0.62,-2.19,-2.40,164.07,-156.31,-96.69,52.00
1621444874.00,-0.62,-2.18,-2.39,165.13,-155.01,-98.42,52.00
1621444876.00,-0.59,-2.29,-2.46,147.20,-169.39,-89.19,53.00
1621444876.00,-0.58,-2.29,-2.46,148.11,-169.23,-90.30,53.00
1621444876.00,-0.58,-2.29,-2.46,148.38,-168.96,-90.75,53.00
1621444876.00,-0.58,-2.29,-2.46,147.91,-169.25,-90.26,53.00
1621444879.00,-0.57,-2.29,-2.48,149.98,-169.01,-91.62,54.00
1621444879.00,-0.57,-2.29,-2.48,149.86,-168.92,-91.49,54.00
1621444879.00,-0.57,-2.29,-2.48,149.81,-168.74,-91.15,54.00
1621444879.00,-0.57,-2.29,-2.48,149.76,-168.79,-91.04,54.00
1621444879.00,-0.57,-2.29,-2.48,149.47,-169.12,-90.65,54.00
1621444879.00,-0.57,-2.29,-2.48,149.53,-168.60,-91.12,54.00
1621444879.00,-0.57,-2.29,-2.48,149.48,-168.55,-91.06,54.00
1621444879.00,-0.57,-2.29,-2.48,149.66,-168.36,-91.66,54.00
1621444882.00,-0.56,-2.29,-2.50,145.17,-167.23,-92.40,55.00
1621444882.00,-0.56,-2.29,-2.50,145.35,-166.98,-92.59,55.00
1621444882.00,-0.56,-2.29,-2.50,145.53,-167.04,-92.73,55.00
1621444882.00,-0.56,-2.29,-2.50,145.77,-167.04,-92.87,55.00
1621444882.00,-0.56,-2.29,-2.50,145.84,-167.08,-92.96,55.00
1621444882.00,-0.56,-2.29,-2.50,145.58,-167.22,-92.78,55.00
1621444882.00,-0.56,-2.29,-2.50,145.54,-167.24,-92.72,55.00
1621444882.00,-0.56,-2.29,-2.50,145.71,-167.00,-92.97,55.00
1621444885.00,-0.55,-2.29,-2.52,142.79,-167.50,-94.37,56.00
1621444885.00,-0.55,-2.29,-2.53,142.60,-167.64,-94.15,56.00
1621444885.00,-0.55,-2.28,-2.53,142.50,-167.70,-94.03,56.00
1621444885.00,-0.55,-2.29,-2.53,142.41,-167.72,-94.03,56.00
1621444885.00,-0.55,-2.29,-2.53,142.40,-167.66,-94.15,56.00
1621444885.00,-0.55,-2.29,-2.52,142.45,-167.58,-94.30,56.00
1621444885.00,-0.55,-2.28,-2.52,142.81,-167.36,-94.71,56.00
1621444885.00,-0.55,-2.29,-2.52,142.75,-167.34,-94.66,56.00
1621444885.00,-0.55,-2.29,-2.52,142.64,-167.37,-94.57,56.00
1621444885.00,-0.55,-2.29,-2.52,142.51,-167.44,-94.46,56.00
1621444885.00,-0.55,-2.29,-2.52,142.49,-167.49,-94.43,56.00
1621444885.00,-0.55,-2.29,-2.52,142.56,-167.41,-94.50,56.00
1621444885.00,-0.55,-2.29,-2.52,142.49,-167.44,-94.44,56.00
1621444885.00,-0.55,-2.29,-2.52,142.48,-167.24,-94.47,56.00
1621444888.00,-0.54,-2.28,-2.54,140.06,-165.09,-96.73,57.00
1621444888.00,-0.52,-2.29,-2.54,140.60,-168.83,-97.48,57.00
1621444888.00,-0.52,-2.29,-2.54,140.62,-168.52,-97.51,57.00
1621444888.00,-0.53,-2.29,-2.54,140.32,-167.59,-97.22,57.00
1621444891.00,-0.52,-2.27,-2.56,140.12,-164.00,-98.16,58.00
1621444891.00,-0.52,-2.27,-2.56,139.86,-164.14,-97.72,58.00
1621444891.00,-0.53,-2.29,-2.57,135.03,-163.65,-98.23,58.00
1621444891.00,-0.53,-2.29,-2.57,134.63,-163.67,-98.16,58.00
1621444894.00,-0.51,-2.30,-2.59,134.38,-163.47,-98.95,59.00
1621444894.00,-0.51,-2.29,-2.59,133.92,-161.93,-99.51,59.00
1621444894.00,-0.51,-2.29,-2.59,133.89,-162.57,-98.92,59.00
1621444894.00,-0.51,-2.29,-2.59,133.81,-162.44,-98.96,59.00
1621444897.00,-0.49,-2.29,-2.61,133.79,-164.49,-100.34,60.00
1621444897.00,-0.50,-2.29,-2.61,133.83,-163.95,-101.13,60.00
1621444901.00,-0.67,-2.29,-2.32,172.76,-176.88,-80.22,61.00
1621444901.00,-0.67,-2.29,-2.31,174.32,-175.57,-83.15,61.00
1621444901.00,-0.67,-2.29,-2.31,173.81,-175.49,-82.71,61.00
1621444901.00,-0.67,-2.29,-2.31,174.73,-175.05,-83.43,61.00
1621444901.00,-0.67,-2.25,-2.31,177.63,-170.55,-83.74,61.00
1621444903.00,-0.66,-2.29,-2.34,167.37,-176.62,-81.77,62.00
1621444903.00,-0.66,-2.29,-2.34,169.02,-177.01,-83.13,62.00
1621444903.00,-0.66,-2.29,-2.34,169.28,-176.95,-83.82,62.00
1621444903.00,-0.66,-2.29,-2.33,169.58,-176.79,-84.39,62.00
1621444903.00,-0.66,-2.29,-2.33,169.77,-175.78,-84.03,62.00
1621444903.00,-0.66,-2.29,-2.33,170.01,-175.66,-84.42,62.00
1621444903.00,-0.66,-2.29,-2.33,170.04,-175.22,-84.00,62.00
1621444906.00,-0.65,-2.29,-2.36,165.13,-174.69,-85.29,63.00
1621444906.00,-0.65,-2.29,-2.35,165.40,-174.68,-85.63,63.00
1621444906.00,-0.65,-2.29,-2.35,165.50,-174.57,-85.71,63.00
1621444906.00,-0.65,-2.29,-2.35,165.54,-174.50,-85.72,63.00
1621444906.00,-0.65,-2.28,-2.35,165.48,-174.63,-85.72,63.00
1621444906.00,-0.65,-2.27,-2.35,165.79,-174.76,-85.66,63.00
1621444906.00,-0.65,-2.26,-2.35,165.44,-173.54,-85.14,63.00
1621444906.00,-0.66,-2.23,-2.34,170.63,-166.62,-91.93,63.00
1621444908.00,-0.64,-2.29,-2.37,161.57,-174.77,-87.59,64.00
1621444908.00,-0.64,-2.29,-2.37,161.36,-174.72,-87.37,64.00
1621444908.00,-0.64,-2.29,-2.37,160.99,-174.84,-86.91,64.00
1621444908.00,-0.64,-2.29,-2.37,160.67,-175.22,-86.29,64.00
1621444908.00,-0.64,-2.29,-2.37,161.70,-174.43,-87.85,64.00
1621444908.00,-0.64,-2.29,-2.37,161.67,-173.94,-87.62,64.00
1621444908.00,-0.64,-2.29,-2.37,162.09,-173.73,-88.28,64.00
1621444908.00,-0.64,-2.29,-2.37,162.13,-173.77,-88.31,64.00
1621444911.00,-0.63,-2.28,-2.39,160.70,-173.83,-89.72,65.00
1621444911.00,-0.63,-2.25,-2.38,164.31,-169.95,-90.82,65.00
1621444911.00,-0.63,-2.24,-2.37,165.86,-169.32,-92.95,65.00
1621444913.00,-0.61,-2.28,-2.42,155.13,-175.99,-89.37,66.00
1621444913.00,-0.61,-2.29,-2.41,154.51,-175.50,-89.83,66.00
1621444913.00,-0.61,-2.29,-2.41,155.02,-175.33,-90.04,66.00
1621444913.00,-0.61,-2.29,-2.41,155.12,-175.33,-90.14,66.00
1621444913.00,-0.61,-2.29,-2.41,155.19,-175.22,-90.16,66.00
1621444916.00,-0.60,-2.27,-2.42,158.26,-169.58,-94.81,67.00
1621444916.00,-0.60,-2.29,-2.43,153.70,-170.99,-94.85,67.00
1621444916.00,-0.60,-2.29,-2.43,152.13,-172.44,-92.08,67.00
1621444916.00,-0.60,-2.29,-2.43,151.91,-172.44,-91.95,67.00
1621444916.00,-0.60,-2.29,-2.43,151.89,-172.33,-92.07,67.00
1621444916.00,-0.60,-2.29,-2.43,152.07,-172.31,-92.46,67.00
1621444916.00,-0.60,-2.29,-2.43,152.58,-171.91,-93.53,67.00
1621444916.00,-0.60,-2.29,-2.43,152.69,-171.76,-93.55,67.00
1621444916.00,-0.60,-2.29,-2.43,152.64,-171.82,-93.30,67.00
1621444916.00,-0.60,-2.29,-2.43,152.61,-171.90,-92.93,67.00
1621444916.00,-0.60,-2.29,-2.43,152.14,-172.56,-91.74,67.00
1621444916.00,-0.60,-2.29,-2.43,152.06,-172.68,-91.63,67.00
1621444916.00,-0.60,-2.29,-2.44,152.06,-172.76,-91.59,67.00
1621444916.00,-0.60,-2.29,-2.44,152.07,-172.83,-91.63,67.00
1621444920.00,-0.59,-2.29,-2.45,149.80,-170.76,-93.78,68.00
1621444920.00,-0.59,-2.29,-2.45,150.11,-171.22,-94.20,68.00
1621444920.00,-0.59,-2.29,-2.45,150.03,-171.25,-94.02,68.00
1621444920.00,-0.59,-2.29,-2.46,149.38,-171.22,-93.11,68.00
1621444920.00,-0.59,-2.27,-2.46,149.01,-169.95,-92.57,68.00
1621444923.00,-0.58,-2.29,-2.48,143.17,-171.38,-92.67,69.00
1621444923.00,-0.58,-2.29,-2.48,143.45,-171.39,-92.81,69.00
1621444923.00,-0.58,-2.29,-2.48,143.68,-171.61,-93.05,69.00
1621444923.00,-0.58,-2.29,-2.48,143.60,-171.61,-92.92,69.00
1621444923.00,-0.58,-2.29,-2.48,143.45,-171.60,-92.70,69.00
1621444923.00,-0.58,-2.29,-2.48,143.67,-171.58,-92.85,69.00
1621444923.00,-0.58,-2.29,-2.48,143.81,-171.49,-93.00,69.00
1621444923.00,-0.58,-2.29,-2.48,143.97,-171.54,-93.01,69.00
1621444923.00,-0.58,-2.25,-2.47,148.78,-169.60,-95.74,69.00
1621444923.00,-0.59,-2.22,-2.45,152.45,-163.65,-99.60,69.00
1621444926.00,-0.57,-2.29,-2.50,143.30,-169.04,-96.47,70.00
1621444926.00,-0.57,-2.29,-2.50,143.28,-168.82,-96.36,70.00
1621444926.00,-0.57,-2.29,-2.50,143.33,-168.54,-96.12,70.00
1621444926.00,-0.57,-2.28,-2.50,143.68,-171.56,-95.03,70.00
1621444929.00,-0.56,-2.29,-2.52,138.63,-166.49,-96.61,71.00
1621444929.00,-0.56,-2.29,-2.52,138.63,-166.53,-96.66,71.00
1621444929.00,-0.56,-2.29,-2.52,138.72,-166.41,-96.81,71.00
1621444929.00,-0.56,-2.29,-2.52,138.62,-166.39,-96.70,71.00
1621444929.00,-0.56,-2.29,-2.52,138.55,-166.36,-96.60,71.00
1621444929.00,-0.56,-2.29,-2.52,138.62,-166.46,-96.68,71.00
1621444929.00,-0.56,-2.29,-2.52,138.85,-165.91,-96.91,71.00
1621444932.00,-0.55,-2.29,-2.55,134.72,-164.20,-99.09,72.00
1621444932.00,-0.55,-2.29,-2.55,134.98,-164.21,-99.26,72.00
1621444932.00,-0.55,-2.29,-2.55,134.70,-164.23,-98.76,72.00
1621444932.00,-0.55,-2.29,-2.55,134.76,-164.19,-98.76,72.00
1621444932.00,-0.55,-2.29,-2.55,134.74,-164.20,-98.74,72.00
1621444932.00,-0.55,-2.23,-2.51,145.67,-157.70,-105.71,72.00
1621444932.00,-0.56,-2.22,-2.50,147.03,-155.06,-106.79,72.00
1621444934.00,-0.53,-2.27,-2.56,137.91,-160.70,-104.26,73.00
1621444934.00,-0.53,-2.28,-2.56,136.95,-160.38,-104.61,73.00
1621444934.00,-0.53,-2.29,-2.57,132.30,-162.59,-102.65,73.00
1621444934.00,-0.53,-2.29,-2.56,133.17,-163.24,-103.18,73.00
1621444934.00,-0.53,-2.29,-2.57,132.24,-163.66,-101.33,73.00
1621444937.00,-0.52,-2.29,-2.59,127.05,-163.53,-101.44,74.00
1621444937.00,-0.52,-2.29,-2.60,127.10,-163.65,-100.93,74.00
1621444937.00,-0.52,-2.29,-2.59,127.20,-163.56,-101.13,74.00
1621444937.00,-0.52,-2.29,-2.60,126.90,-163.59,-101.02,74.00
1621444937.00,-0.52,-2.29,-2.60,126.26,-163.90,-100.51,74.00
1621444937.00,-0.52,-2.22,-2.57,135.21,-155.27,-105.55,74.00
1621444939.00,-0.51,-2.29,-2.62,124.91,-160.78,-102.61,75.00
1621444939.00,-0.51,-2.29,-2.63,124.76,-161.22,-101.51,75.00
1621444939.00,-0.51,-2.29,-2.62,125.77,-161.01,-102.30,75.00
1621444939.00,-0.51,-2.29,-2.62,126.16,-159.74,-104.01,75.00
1621444939.00,-0.51,-2.29,-2.62,126.34,-161.11,-102.93,75.00
1621444939.00,-0.51,-2.29,-2.62,126.41,-160.84,-103.07,75.00
1621444939.00,-0.51,-2.29,-2.62,126.48,-160.80,-103.03,75.00
1621444939.00,-0.51,-2.29,-2.62,126.52,-160.85,-102.85,75.00
1621444939.00,-0.51,-2.29,-2.62,126.46,-160.99,-102.51,75.00
1621444944.00,-0.68,-2.28,-2.31,166.99,-177.13,-86.72,76.00
1621444944.00,-0.68,-2.29,-2.31,167.35,-177.35,-86.19,76.00
1621444944.00,-0.68,-2.29,-2.31,167.21,-177.47,-85.81,76.00
1621444947.00,-0.67,-2.28,-2.34,161.75,-178.48,-84.82,77.00
1621444947.00,-0.67,-2.29,-2.36,158.33,178.81,-78.44,77.00
1621444947.00,-0.67,-2.29,-2.35,161.04,-179.72,-82.54,77.00
1621444947.00,-0.67,-2.29,-2.35,160.85,-179.42,-82.77,77.00
1621444947.00,-0.67,-2.29,-2.35,160.62,-179.35,-82.70,77.00
1621444947.00,-0.67,-2.29,-2.35,160.62,-179.32,-82.67,77.00
1621444947.00,-0.67,-2.29,-2.35,160.96,-179.25,-82.47,77.00
1621444947.00,-0.67,-2.29,-2.35,160.95,-179.41,-82.52,77.00
1621444947.00,-0.67,-2.26,-2.33,166.30,-176.77,-85.93,77.00
1621444950.00,-0.64,-2.29,-2.36,157.40,177.72,-87.45,78.00
1621444950.00,-0.64,-2.29,-2.36,157.51,179.23,-87.80,78.00
1621444950.00,-0.64,-2.29,-2.36,157.60,179.42,-87.84,78.00
1621444950.00,-0.64,-2.29,-2.36,157.20,179.00,-87.02,78.00
1621444950.00,-0.64,-2.29,-2.36,157.30,178.98,-87.05,78.00
1621444950.00,-0.64,-2.29,-2.36,157.45,179.10,-87.26,78.00
1621444953.00,-0.64,-2.28,-2.38,156.77,-179.02,-88.92,79.00
1621444953.00,-0.64,-2.28,-2.38,157.03,-178.97,-89.16,79.00
1621444953.00,-0.64,-2.28,-2.38,157.22,-178.90,-89.42,79.00
1621444953.00,-0.64,-2.28,-2.38,157.37,-178.81,-89.66,79.00
1621444955.00,-0.64,-2.27,-2.40,153.97,-176.49,-88.23,80.00
1621444955.00,-0.63,-2.27,-2.40,153.01,-177.32,-87.53,80.00
1621444955.00,-0.63,-2.27,-2.41,151.90,-178.12,-86.61,80.00
1621444955.00,-0.63,-2.28,-2.41,151.12,-178.75,-87.38,80.00
1621444955.00,-0.63,-2.28,-2.41,150.16,-178.83,-86.46,80.00
1621444955.00,-0.63,-2.28,-2.41,149.01,-179.54,-85.12,80.00
1621444955.00,-0.63,-2.28,-2.42,148.58,-179.66,-84.51,80.00
1621444955.00,-0.63,-2.29,-2.41,148.51,-179.80,-84.74,80.00
1621444955.00,-0.63,-2.29,-2.41,148.85,-179.32,-85.40,80.00
1621444955.00,-0.63,-2.29,-2.41,149.11,-178.98,-85.93,80.00
1621444955.00,-0.63,-2.29,-2.41,149.41,-178.68,-86.36,80.00
1621444955.00,-0.63,-2.29,-2.41,149.66,-178.14,-86.84,80.00
1621444955.00,-0.63,-2.29,-2.41,149.47,-177.95,-86.84,80.00
1621444955.00,-0.63,-2.29,-2.41,149.35,-177.91,-86.66,80.00
1621444956.00,-0.64,-2.23,-2.39,158.13,-168.18,-94.41,81.00
1621444956.00,-0.64,-2.23,-2.39,157.76,-167.26,-94.46,81.00
1621444956.00,-0.65,-2.23,-2.39,156.82,-165.93,-95.35,81.00
1621444956.00,-0.64,-2.24,-2.40,154.46,-167.84,-94.61,81.00
1621444958.00,-0.63,-2.28,-2.43,148.87,-175.20,-89.68,82.00
1621444958.00,-0.63,-2.28,-2.43,148.50,-175.04,-89.01,82.00
1621444960.00,-0.62,-2.29,-2.45,146.19,-173.19,-91.42,83.00
1621444960.00,-0.62,-2.27,-2.44,149.30,-169.72,-94.36,83.00
1621444962.00,-0.61,-2.27,-2.46,146.25,-170.43,-92.89,84.00
1621444962.00,-0.61,-2.27,-2.47,144.17,-173.01,-90.10,84.00
1621444962.00,-0.61,-2.29,-2.48,140.86,-174.91,-87.87,84.00
1621444962.00,-0.61,-2.29,-2.49,139.73,-175.39,-86.41,84.00
1621444962.00,-0.60,-2.29,-2.49,139.89,-176.50,-85.58,84.00
1621444962.00,-0.60,-2.29,-2.49,140.09,-176.18,-86.08,84.00
1621444962.00,-0.61,-2.29,-2.48,140.26,-174.29,-87.91,84.00
1621444962.00,-0.61,-2.29,-2.48,140.78,-173.86,-87.90,84.00
1621444965.00,-0.59,-2.29,-2.51,136.27,-174.71,-88.95,85.00
1621444965.00,-0.59,-2.29,-2.51,136.18,-174.88,-89.12,85.00
1621444965.00,-0.59,-2.29,-2.51,136.11,-175.08,-88.93,85.00
1621444965.00,-0.59,-2.23,-2.48,144.56,-163.09,-100.78,85.00
1621444965.00,-0.59,-2.24,-2.49,141.96,-162.95,-100.52,85.00
1621444967.00,-0.58,-2.28,-2.52,133.11,-172.54,-90.72,86.00
1621444967.00,-0.58,-2.28,-2.52,132.71,-173.11,-91.22,86.00
1621444967.00,-0.58,-2.29,-2.53,130.82,-172.92,-90.45,86.00
1621444967.00,-0.58,-2.29,-2.52,132.22,-171.10,-93.14,86.00
1621444967.00,-0.58,-2.29,-2.52,132.08,-171.07,-93.13,86.00
1621444967.00,-0.58,-2.29,-2.52,132.06,-170.43,-93.63,86.00
1621444967.00,-0.58,-2.29,-2.52,132.73,-169.56,-94.58,86.00
1621444967.00,-0.58,-2.29,-2.52,132.65,-169.74,-94.48,86.00
1621444967.00,-0.58,-2.29,-2.52,132.64,-169.88,-94.42,86.00
1621444967.00,-0.58,-2.29,-2.52,132.66,-169.86,-94.76,86.00
1621444967.00,-0.58,-2.29,-2.52,132.58,-169.85,-94.56,86.00
1621444970.00,-0.57,-2.29,-2.54,130.21,-170.49,-94.32,87.00
1621444970.00,-0.57,-2.29,-2.54,130.28,-169.33,-94.91,87.00
1621444970.00,-0.57,-2.29,-2.54,130.23,-169.42,-94.70,87.00
1621444970.00,-0.57,-2.29,-2.55,129.51,-170.28,-93.36,87.00
1621444970.00,-0.57,-2.29,-2.55,129.49,-170.54,-93.23,87.00
1621444970.00,-0.57,-2.29,-2.55,129.30,-170.58,-92.96,87.00
1621444970.00,-0.57,-2.29,-2.55,129.20,-170.60,-92.80,87.00
1621444972.00,-0.58,-2.27,-2.55,135.37,-159.77,-99.26,88.00
1621444972.00,-0.58,-2.27,-2.55,134.98,-159.95,-98.72,88.00
1621444972.00,-0.58,-2.29,-2.56,128.31,-162.24,-96.69,88.00
1621444972.00,-0.58,-2.29,-2.56,128.07,-161.31,-97.27,88.00
1621444972.00,-0.59,-2.30,-2.56,126.43,-158.34,-96.13,88.00
1621444972.00,-0.59,-2.30,-2.56,126.34,-158.07,-95.90,88.00
1621444975.00,-0.57,-2.27,-2.56,133.91,-155.80,-104.42,89.00
1621444975.00,-0.57,-2.27,-2.57,133.67,-156.08,-103.89,89.00
1621444975.00,-0.56,-2.29,-2.57,132.46,-158.82,-102.00,89.00
1621444975.00,-0.56,-2.29,-2.57,132.51,-158.80,-102.31,89.00
1621444975.00,-0.57,-2.29,-2.58,128.61,-159.28,-99.59,89.00
1621444975.00,-0.57,-2.29,-2.58,128.45,-159.71,-98.13,89.00
1621444975.00,-0.57,-2.29,-2.58,128.53,-159.58,-98.16,89.00
1621444979.00,-0.56,-2.28,-2.58,131.07,-152.54,-108.03,90.00
1621444979.00,-0.56,-2.29,-2.59,124.90,-153.79,-103.00,90.00
1621444979.00,-0.56,-2.30,-2.59,126.48,-151.55,-104.43,90.00
1621444979.00,-0.56,-2.30,-2.59,125.97,-150.88,-104.42,90.00
1621444979.00,-0.56,-2.30,-2.59,124.93,-149.22,-104.89,90.00
1621444979.00,-0.57,-2.30,-2.59,124.90,-149.38,-104.55,90.00
1621444982.00,-0.54,-2.30,-2.62,125.35,-150.11,-108.40,91.00
1621444982.00,-0.54,-2.30,-2.61,125.51,-150.20,-108.43,91.00
1621444989.00,-0.69,-2.29,-2.33,162.12,-176.70,-88.17,92.00
1621444989.00,-0.69,-2.29,-2.34,161.27,-177.11,-87.18,92.00
1621444989.00,-0.69,-2.29,-2.34,161.34,-177.18,-87.25,92.00
1621444989.00,-0.69,-2.28,-2.34,161.79,-176.39,-88.05,92.00
1621444989.00,-0.69,-2.25,-2.32,167.57,-169.76,-92.65,92.00
1621444989.00,-0.70,-2.24,-2.32,168.40,-168.58,-92.24,92.00
1621444989.00,-0.70,-2.23,-2.32,168.51,-167.99,-91.54,92.00
1621444989.00,-0.70,-2.22,-2.32,168.44,-167.29,-91.20,92.00
1621444991.00,-0.68,-2.26,-2.35,162.50,-174.57,-89.67,93.00
1621444991.00,-0.68,-2.27,-2.36,159.08,-176.70,-86.65,93.00
1621444991.00,-0.67,-2.27,-2.36,158.07,-177.30,-85.72,93.00
1621444991.00,-0.67,-2.29,-2.37,155.82,-178.39,-85.85,93.00
1621444991.00,-0.67,-2.29,-2.37,155.87,-178.00,-86.00,93.00
1621444991.00,-0.67,-2.29,-2.37,155.84,-177.80,-86.10,93.00
1621444991.00,-0.67,-2.29,-2.37,155.79,-177.78,-86.15,93.00
1621444994.00,-0.65,-2.29,-2.38,150.23,-176.36,-90.07,94.00
1621444994.00,-0.66,-2.29,-2.38,149.55,-176.78,-89.38,94.00
1621444994.00,-0.66,-2.28,-2.38,149.62,-176.65,-89.28,94.00
1621444994.00,-0.67,-2.23,-2.37,155.63,-171.62,-87.21,94.00
1621444994.00,-0.67,-2.23,-2.37,155.73,-170.54,-87.75,94.00
1621444996.00,-0.65,-2.29,-2.40,146.27,-174.77,-91.47,95.00
1621444996.00,-0.65,-2.28,-2.40,147.09,-174.25,-92.28,95.00
1621444996.00,-0.65,-2.25,-2.39,150.42,-172.29,-94.03,95.00
1621444996.00,-0.65,-2.24,-2.39,151.24,-170.23,-94.34,95.00
1621444999.00,-0.64,-2.29,-2.42,143.88,-172.94,-94.04,96.00
1621445001.00,-0.64,-2.27,-2.43,146.82,-170.33,-95.49,97.00
1621445001.00,-0.64,-2.27,-2.43,146.78,-170.34,-95.34,97.00
1621445001.00,-0.63,-2.27,-2.43,146.75,-170.32,-95.27,97.00
1621445001.00,-0.63,-2.27,-2.43,146.36,-170.41,-95.08,97.00
1621445001.00,-0.63,-2.28,-2.45,141.63,-172.52,-89.85,97.00
1621445001.00,-0.63,-2.28,-2.45,140.37,-173.91,-88.88,97.00
1621445004.00,-0.62,-2.27,-2.46,140.91,-169.54,-95.06,98.00
1621445004.00,-0.62,-2.27,-2.46,140.92,-169.79,-94.98,98.00
1621445004.00,-0.62,-2.29,-2.47,134.94,-169.93,-94.39,98.00
1621445004.00,-0.62,-2.29,-2.47,134.93,-170.73,-94.12,98.00
1621445004.00,-0.61,-2.29,-2.47,134.79,-171.24,-94.13,98.00
1621445004.00,-0.62,-2.29,-2.48,132.12,-173.42,-90.08,98.00
1621445004.00,-0.61,-2.29,-2.48,132.98,-173.25,-91.09,98.00
1621445007.00,-0.60,-2.27,-2.48,138.70,-168.49,-97.53,99.00
1621445010.00,-0.59,-2.22,-2.48,139.10,-156.35,-107.17,100.00
1621445010.00,-0.59,-2.23,-2.50,136.10,-157.16,-107.30,100.00
1621445012.00,-0.57,-2.27,-2.54,127.66,-170.06,-98.42,101.00
1621445012.00,-0.57,-2.27,-2.54,127.55,-170.34,-98.36,101.00
1621445012.00,-0.57,-2.27,-2.54,127.55,-170.32,-98.28,101.00
1621445012.00,-0.57,-2.27,-2.54,127.52,-170.32,-98.15,101.00
1621445012.00,-0.58,-2.29,-2.55,123.02,-170.63,-95.10,101.00
1621445012.00,-0.58,-2.29,-2.55,123.07,-170.46,-95.35,101.00
1621445012.00,-0.58,-2.29,-2.55,123.00,-170.29,-95.65,101.00
1621445012.00,-0.57,-2.29,-2.55,122.73,-171.11,-95.60,101.00
1621445012.00,-0.58,-2.29,-2.55,122.62,-170.70,-95.80,101.00
1621445012.00,-0.58,-2.29,-2.55,122.54,-170.65,-95.74,101.00
1621445012.00,-0.58,-2.29,-2.55,122.50,-170.69,-95.58,101.00
1621445015.00,-0.57,-2.29,-2.57,118.43,-166.16,-98.83,102.00
1621445015.00,-0.57,-2.29,-2.57,119.39,-166.18,-100.17,102.00
1621445015.00,-0.57,-2.28,-2.57,119.88,-166.82,-99.24,102.00
1621445015.00,-0.56,-2.26,-2.56,122.87,-162.83,-102.55,102.00
1621445015.00,-0.56,-2.25,-2.56,124.55,-163.42,-103.07,102.00
1621445015.00,-0.56,-2.25,-2.55,126.04,-164.04,-103.28,102.00
1621445017.00,-0.56,-2.27,-2.58,121.69,-162.16,-101.41,103.00
1621445017.00,-0.56,-2.27,-2.59,120.54,-164.53,-98.74,103.00
1621445017.00,-0.56,-2.27,-2.59,120.27,-164.75,-98.27,103.00
1621445017.00,-0.57,-2.29,-2.60,115.08,-163.32,-98.49,103.00
1621445019.00,-0.54,-2.27,-2.60,121.67,-156.61,-110.05,104.00
1621445019.00,-0.55,-2.27,-2.60,121.10,-158.40,-107.24,104.00
1621445019.00,-0.55,-2.27,-2.60,120.39,-158.60,-106.34,104.00
1621445019.00,-0.55,-2.27,-2.60,120.13,-158.67,-106.21,104.00
1621445019.00,-0.55,-2.27,-2.60,119.73,-158.53,-106.29,104.00
1621445019.00,-0.54,-2.27,-2.60,119.13,-158.67,-105.81,104.00
1621445019.00,-0.54,-2.27,-2.60,118.83,-159.19,-105.19,104.00
1621445019.00,-0.54,-2.28,-2.61,117.61,-161.74,-102.85,104.00
1621445019.00,-0.54,-2.29,-2.61,114.85,-163.04,-102.21,104.00
1621445022.00,-0.53,-2.27,-2.62,116.99,-155.11,-110.51,105.00
1621445022.00,-0.53,-2.27,-2.62,116.86,-155.07,-110.45,105.00
1621445022.00,-0.53,-2.28,-2.63,114.92,-156.47,-109.11,105.00
1621445022.00,-0.53,-2.29,-2.63,114.09,-157.15,-108.66,105.00
1621445022.00,-0.53,-2.30,-2.63,112.42,-157.57,-107.94,105.00
1621445022.00,-0.53,-2.30,-2.64,110.88,-158.10,-106.64,105.00
1621445022.00,-0.53,-2.29,-2.64,110.54,-158.94,-106.26,105.00
1621445022.00,-0.53,-2.29,-2.64,110.70,-159.48,-106.25,105.00
1621445022.00,-0.53,-2.29,-2.64,109.91,-158.53,-106.68,105.00
1621445022.00,-0.53,-2.29,-2.64,109.70,-158.19,-106.72,105.00
1621445022.00,-0.53,-2.30,-2.64,109.69,-157.02,-107.64,105.00
1621445022.00,-0.53,-2.30,-2.64,109.72,-156.63,-108.16,105.00
1621445028.00,-0.72,-2.23,-2.34,164.38,-166.47,-92.05,107.00
1621445028.00,-0.72,-2.23,-2.34,163.82,-166.59,-92.85,107.00
1621445028.00,-0.71,-2.26,-2.35,162.26,-169.12,-93.45,107.00
1621445030.00,-0.70,-2.27,-2.36,159.80,-172.93,-90.49,108.00
1621445030.00,-0.70,-2.27,-2.36,156.94,-172.66,-89.12,108.00
1621445030.00,-0.70,-2.28,-2.36,155.61,-173.32,-89.05,108.00
1621445030.00,-0.70,-2.29,-2.37,153.76,-174.54,-87.36,108.00
1621445030.00,-0.69,-2.29,-2.37,151.46,-175.52,-86.64,108.00
1621445030.00,-0.69,-2.28,-2.37,150.88,-176.92,-86.84,108.00
1621445030.00,-0.70,-2.23,-2.35,160.21,-166.53,-94.01,108.00
1621445032.00,-0.69,-2.27,-2.37,156.41,-171.08,-94.77,109.00
1621445032.00,-0.69,-2.27,-2.37,156.28,-171.07,-94.60,109.00
1621445032.00,-0.69,-2.27,-2.37,156.22,-171.04,-94.37,109.00
1621445032.00,-0.68,-2.27,-2.38,155.06,-172.29,-92.42,109.00
1621445032.00,-0.68,-2.28,-2.38,153.82,-172.95,-91.36,109.00
1621445032.00,-0.68,-2.28,-2.39,152.92,-173.64,-90.18,109.00
1621445032.00,-0.68,-2.29,-2.39,152.29,-173.29,-89.53,109.00
1621445035.00,-0.68,-2.28,-2.41,150.66,-172.20,-91.19,110.00
1621445035.00,-0.68,-2.29,-2.41,144.74,-172.36,-89.24,110.00
1621445035.00,-0.67,-2.28,-2.41,145.74,-171.48,-89.89,110.00
1621445035.00,-0.68,-2.25,-2.40,151.18,-169.73,-92.09,110.00
1621445037.00,-0.67,-2.27,-2.42,146.29,-168.81,-93.07,111.00
1621445037.00,-0.67,-2.27,-2.42,146.34,-169.00,-93.07,111.00
1621445037.00,-0.67,-2.27,-2.42,146.30,-169.10,-93.03,111.00
1621445037.00,-0.67,-2.27,-2.42,146.19,-169.18,-92.95,111.00
1621445037.00,-0.67,-2.27,-2.42,146.03,-169.31,-92.87,111.00
1621445037.00,-0.67,-2.27,-2.42,145.86,-169.46,-92.73,111.00
1621445037.00,-0.67,-2.27,-2.43,144.94,-170.34,-91.39,111.00
1621445037.00,-0.67,-2.27,-2.43,144.74,-170.47,-91.11,111.00
1621445037.00,-0.67,-2.27,-2.43,144.23,-171.06,-90.35,111.00
1621445037.00,-0.67,-2.28,-2.43,143.84,-170.80,-90.58,111.00
1621445037.00,-0.67,-2.28,-2.43,143.18,-170.45,-91.20,111.00
1621445037.00,-0.66,-2.29,-2.44,142.88,-172.09,-89.83,111.00
1621445037.00,-0.66,-2.29,-2.44,140.59,-172.94,-88.43,111.00
1621445040.00,-0.66,-2.27,-2.45,140.65,-168.76,-92.84,112.00
1621445040.00,-0.66,-2.27,-2.45,140.10,-168.92,-92.32,112.00
1621445040.00,-0.66,-2.25,-2.45,141.58,-157.71,-100.60,112.00
1621445040.00,-0.66,-2.25,-2.45,141.22,-158.14,-100.76,112.00
1621445042.00,-0.64,-2.27,-2.47,138.09,-166.35,-96.62,113.00
1621445042.00,-0.64,-2.27,-2.47,137.89,-166.57,-96.46,113.00
1621445042.00,-0.64,-2.27,-2.47,137.69,-166.72,-96.27,113.00
1621445042.00,-0.64,-2.29,-2.48,131.83,-170.85,-91.27,113.00
1621445042.00,-0.64,-2.29,-2.48,131.92,-170.62,-91.35,113.00
1621445045.00,-0.62,-2.28,-2.50,130.30,-170.57,-94.66,114.00
1621445045.00,-0.62,-2.27,-2.49,134.06,-166.27,-97.35,114.00
1621445045.00,-0.62,-2.26,-2.49,135.42,-166.85,-97.37,114.00
1621445045.00,-0.63,-2.23,-2.47,140.07,-155.71,-105.09,114.00
1621445045.00,-0.63,-2.23,-2.47,139.67,-155.27,-106.41,114.00
1621445045.00,-0.63,-2.25,-2.48,136.38,-154.27,-108.18,114.00
1621445047.00,-0.62,-2.29,-2.54,124.01,-166.28,-92.24,115.00
1621445047.00,-0.62,-2.29,-2.53,125.37,-165.71,-95.33,115.00
1621445047.00,-0.62,-2.24,-2.50,135.59,-153.95,-108.22,115.00
1621445047.00,-0.62,-2.25,-2.50,134.00,-151.72,-110.36,115.00
1621445047.00,-0.62,-2.25,-2.51,133.12,-152.32,-110.07,115.00
1621445049.00,-0.60,-2.27,-2.53,128.00,-161.75,-102.74,116.00
1621445049.00,-0.60,-2.28,-2.54,127.60,-162.64,-102.81,116.00
1621445049.00,-0.60,-2.29,-2.54,125.34,-163.52,-101.59,116.00
1621445049.00,-0.60,-2.26,-2.53,128.23,-160.59,-104.29,116.00
1621445049.00,-0.60,-2.25,-2.52,129.52,-158.37,-105.10,116.00
1621445051.00,-0.59,-2.27,-2.55,124.33,-158.15,-104.76,117.00
1621445051.00,-0.59,-2.27,-2.55,124.04,-158.92,-104.45,117.00
1621445051.00,-0.59,-2.27,-2.55,124.06,-159.16,-104.46,117.00
1621445051.00,-0.59,-2.27,-2.56,123.41,-159.66,-103.79,117.00
1621445051.00,-0.59,-2.29,-2.57,117.81,-162.57,-101.17,117.00
1621445051.00,-0.58,-2.29,-2.57,117.97,-163.73,-100.97,117.00
1621445051.00,-0.58,-2.29,-2.57,117.87,-162.86,-101.76,117.00
1621445051.00,-0.58,-2.29,-2.57,117.48,-162.31,-102.19,117.00
1621445051.00,-0.58,-2.29,-2.57,118.00,-162.48,-102.10,117.00
1621445051.00,-0.59,-2.27,-2.56,119.48,-157.27,-105.11,117.00
1621445053.00,-0.58,-2.28,-2.57,120.59,-151.43,-111.36,118.00
1621445053.00,-0.58,-2.28,-2.57,120.17,-151.63,-110.92,118.00
1621445053.00,-0.58,-2.28,-2.58,118.83,-154.06,-108.07,118.00
1621445053.00,-0.58,-2.28,-2.58,118.63,-154.59,-107.83,118.00
1621445053.00,-0.58,-2.29,-2.59,117.53,-157.92,-105.55,118.00
1621445053.00,-0.58,-2.30,-2.59,116.77,-159.29,-104.22,118.00
1621445053.00,-0.58,-2.29,-2.59,117.00,-158.32,-105.13,118.00
1621445056.00,-0.56,-2.29,-2.61,113.30,-156.52,-107.72,119.00
1621445056.00,-0.55,-2.29,-2.61,114.29,-156.27,-110.07,119.00
1621445056.00,-0.56,-2.25,-2.58,121.54,-145.60,-116.64,119.00
1621445056.00,-0.56,-2.24,-2.58,122.30,-144.01,-116.81,119.00
1621445056.00,-0.56,-2.23,-2.57,123.31,-140.97,-120.75,119.00
1621445056.00,-0.56,-2.25,-2.58,121.70,-140.78,-123.23,119.00
1621445056.00,-0.56,-2.25,-2.58,121.47,-140.43,-124.25,119.00
1621445056.00,-0.56,-2.26,-2.59,121.23,-140.53,-124.48,119.00
1621445058.00,-0.54,-2.29,-2.63,111.30,-150.93,-115.87,120.00
1621445058.00,-0.54,-2.29,-2.63,110.10,-151.21,-115.06,120.00
1621445058.00,-0.53,-2.26,-2.62,115.22,-150.85,-116.75,120.00
1621445058.00,-0.53,-2.26,-2.62,117.02,-151.75,-116.82,120.00
1621445058.00,-0.55,-2.21,-2.59,120.73,-141.26,-123.16,120.00
1621445058.00,-0.57,-2.20,-2.56,123.78,-137.66,-128.84,120.00
1621445060.00,-0.73,-2.27,-2.32,162.19,-174.37,-90.07,121.00
1621445060.00,-0.73,-2.27,-2.32,162.34,-175.03,-90.24,121.00
1621445060.00,-0.73,-2.27,-2.32,162.40,-174.94,-90.36,121.00
1621445060.00,-0.73,-2.27,-2.32,162.63,-174.81,-90.46,121.00
1621445060.00,-0.73,-2.27,-2.32,163.44,-174.61,-90.66,121.00
1621445060.00,-0.73,-2.28,-2.33,161.07,-177.40,-88.53,121.00
1621445060.00,-0.73,-2.28,-2.33,159.57,-178.16,-87.30,121.00
1621445060.00,-0.73,-2.29,-2.33,158.34,-178.42,-85.94,121.00
1621445063.00,-0.72,-2.29,-2.35,153.74,-176.85,-86.88,122.00
1621445063.00,-0.72,-2.29,-2.35,154.03,-176.42,-87.56,122.00
1621445063.00,-0.72,-2.29,-2.35,153.95,-175.96,-88.32,122.00
1621445063.00,-0.71,-2.27,-2.34,155.35,-174.80,-90.19,122.00
1621445063.00,-0.71,-2.26,-2.34,156.54,-173.86,-91.06,122.00
1621445065.00,-0.70,-2.28,-2.37,150.86,-175.57,-90.05,123.00
1621445065.00,-0.70,-2.29,-2.38,145.96,-177.55,-86.33,123.00
1621445065.00,-0.72,-2.24,-2.35,157.30,-168.11,-92.94,123.00
1621445065.00,-0.72,-2.23,-2.35,157.13,-167.54,-92.98,123.00
1621445065.00,-0.72,-2.23,-2.35,155.92,-167.68,-91.71,123.00
1621445067.00,-0.70,-2.27,-2.39,149.60,-170.67,-92.94,124.00
1621445067.00,-0.70,-2.27,-2.39,149.52,-170.84,-92.87,124.00
1621445067.00,-0.70,-2.27,-2.39,148.83,-171.66,-92.59,124.00
1621445067.00,-0.69,-2.28,-2.39,146.32,-173.71,-91.32,124.00
1621445067.00,-0.69,-2.29,-2.39,146.10,-175.53,-91.60,124.00
1621445067.00,-0.69,-2.29,-2.39,144.91,-176.08,-90.50,124.00
1621445067.00,-0.69,-2.29,-2.40,144.06,-176.21,-89.62,124.00
1621445069.00,-0.69,-2.27,-2.40,146.34,-171.33,-94.01,125.00
1621445069.00,-0.68,-2.27,-2.41,144.76,-172.26,-92.59,125.00
1621445069.00,-0.69,-2.29,-2.42,139.46,-171.92,-90.25,125.00
1621445069.00,-0.69,-2.29,-2.42,139.38,-171.49,-91.18,125.00
1621445069.00,-0.69,-2.29,-2.42,138.28,-172.99,-89.54,125.00
1621445069.00,-0.68,-2.29,-2.42,138.34,-174.00,-89.00,125.00
1621445069.00,-0.69,-2.27,-2.42,139.76,-171.29,-89.80,125.00
1621445071.00,-0.68,-2.27,-2.42,143.66,-167.58,-96.14,126.00
1621445071.00,-0.68,-2.27,-2.42,143.72,-167.67,-96.10,126.00
1621445071.00,-0.68,-2.27,-2.42,143.51,-167.80,-96.05,126.00
1621445071.00,-0.68,-2.27,-2.43,140.84,-170.24,-93.50,126.00
1621445071.00,-0.68,-2.27,-2.43,140.48,-170.69,-93.16,126.00
1621445071.00,-0.67,-2.27,-2.44,139.56,-170.80,-93.08,126.00
1621445074.00,-0.66,-2.29,-2.47,133.34,-170.36,-92.94,127.00
1621445074.00,-0.66,-2.29,-2.46,133.05,-169.47,-93.87,127.00
1621445074.00,-0.66,-2.29,-2.47,132.07,-170.18,-93.01,127.00
1621445074.00,-0.66,-2.28,-2.47,131.85,-171.17,-92.44,127.00
1621445074.00,-0.66,-2.28,-2.46,132.19,-169.22,-93.76,127.00
1621445074.00,-0.66,-2.27,-2.46,134.07,-166.32,-95.95,127.00
1621445074.00,-0.66,-2.25,-2.45,140.35,-166.81,-99.06,127.00
1621445074.00,-0.67,-2.24,-2.45,139.40,-161.12,-99.79,127.00
1621445074.00,-0.67,-2.24,-2.45,138.99,-159.66,-100.58,127.00
1621445076.00,-0.65,-2.27,-2.47,134.52,-164.34,-99.13,128.00
1621445076.00,-0.65,-2.27,-2.47,134.27,-164.41,-99.69,128.00
1621445078.00,-0.64,-2.27,-2.48,132.56,-159.54,-105.80,129.00
1621445078.00,-0.64,-2.27,-2.48,132.39,-159.90,-105.16,129.00
1621445078.00,-0.64,-2.27,-2.48,132.25,-160.96,-104.53,129.00
1621445078.00,-0.64,-2.27,-2.48,131.75,-162.29,-103.38,129.00
1621445078.00,-0.64,-2.27,-2.48,131.87,-162.61,-103.35,129.00
1621445078.00,-0.64,-2.27,-2.49,131.18,-162.31,-103.11,129.00
1621445078.00,-0.64,-2.27,-2.49,130.93,-162.34,-103.00,129.00
1621445078.00,-0.64,-2.27,-2.49,130.67,-162.47,-102.81,129.00
1621445078.00,-0.64,-2.27,-2.49,130.26,-162.59,-102.43,129.00
1621445078.00,-0.64,-2.28,-2.49,128.22,-162.66,-101.95,129.00
1621445078.00,-0.64,-2.29,-2.50,125.79,-164.51,-100.78,129.00
1621445081.00,-0.63,-2.27,-2.51,125.09,-157.01,-106.20,130.00
1621445081.00,-0.63,-2.27,-2.51,122.58,-161.10,-103.86,130.00
1621445083.00,-0.62,-2.27,-2.52,122.31,-151.15,-110.95,132.00
1621445083.00,-0.62,-2.27,-2.52,122.42,-151.24,-110.95,132.00
1621445083.00,-0.62,-2.27,-2.53,120.50,-151.34,-110.74,132.00
1621445083.00,-0.62,-2.27,-2.53,120.09,-151.39,-110.49,132.00
1621445083.00,-0.62,-2.28,-2.53,119.69,-151.40,-110.40,132.00
1621445083.00,-0.62,-2.28,-2.53,119.42,-151.45,-110.26,132.00
1621445083.00,-0.62,-2.28,-2.53,118.72,-151.25,-110.06,132.00
1621445083.00,-0.63,-2.28,-2.54,117.39,-150.70,-109.98,132.00
1621445083.00,-0.62,-2.29,-2.55,112.11,-155.73,-104.97,132.00
1621445091.00,-0.57,-2.29,-2.61,103.57,-136.36,-126.64,133.00
1621445091.00,-0.57,-2.30,-2.61,104.56,-137.72,-127.34,133.00
1621445091.00,-0.57,-2.30,-2.61,104.57,-137.97,-127.32,133.00
1621445091.00,-0.57,-2.30,-2.61,104.89,-137.77,-127.52,133.00
1621445091.00,-0.58,-2.23,-2.57,114.04,-129.49,-132.19,133.00
1621445091.00,-0.57,-2.25,-2.59,111.38,-128.51,-133.80,133.00
1621445093.00,-0.56,-2.28,-2.62,106.08,-130.26,-133.14,134.00
1621445093.00,-0.57,-2.30,-2.63,101.17,-125.08,-137.12,134.00
1621445093.00,-0.57,-2.30,-2.63,99.44,-123.49,-137.41,134.00
1621445093.00,-0.57,-2.30,-2.63,98.80,-121.07,-139.87,134.00
1621445093.00,-0.56,-2.30,-2.63,99.77,-122.86,-139.60,134.00
1621445093.00,-0.61,-2.20,-2.51,120.33,-129.79,-131.69,134.00
1621445096.00,-0.74,-2.29,-2.34,148.16,-177.88,-82.84,135.00
1621445096.00,-0.74,-2.29,-2.35,147.42,-178.24,-82.98,135.00
1621445096.00,-0.74,-2.28,-2.35,147.34,-178.08,-83.25,135.00
1621445096.00,-0.74,-2.28,-2.34,147.39,-176.36,-82.88,135.00
1621445098.00,-0.74,-2.27,-2.35,151.54,-173.24,-88.48,136.00
1621445098.00,-0.74,-2.27,-2.35,151.51,-173.31,-88.43,136.00
1621445098.00,-0.74,-2.27,-2.35,151.46,-173.36,-88.45,136.00
1621445098.00,-0.74,-2.27,-2.35,151.27,-173.50,-88.31,136.00
1621445098.00,-0.74,-2.27,-2.35,151.04,-173.64,-88.12,136.00
1621445098.00,-0.74,-2.27,-2.35,150.85,-173.79,-87.91,136.00
1621445098.00,-0.74,-2.27,-2.36,150.47,-174.04,-87.47,136.00
1621445098.00,-0.74,-2.27,-2.36,150.36,-174.09,-87.29,136.00
1621445098.00,-0.74,-2.27,-2.36,150.35,-174.09,-87.04,136.00
1621445098.00,-0.74,-2.28,-2.37,148.90,-175.10,-84.55,136.00
1621445098.00,-0.74,-2.29,-2.37,146.64,-175.77,-82.19,136.00
1621445098.00,-0.74,-2.29,-2.37,146.34,-175.53,-82.28,136.00
1621445098.00,-0.74,-2.29,-2.37,146.53,-174.97,-82.75,136.00
1621445098.00,-0.74,-2.29,-2.37,146.89,-174.34,-83.54,136.00
1621445098.00,-0.74,-2.29,-2.37,147.04,-173.95,-84.05,136.00
1621445098.00,-0.74,-2.29,-2.37,147.02,-173.74,-84.35,136.00
1621445098.00,-0.74,-2.29,-2.37,146.89,-173.97,-84.32,136.00
1621445100.00,-0.74,-2.27,-2.37,149.72,-167.24,-91.16,137.00
1621445100.00,-0.74,-2.27,-2.37,147.80,-169.38,-88.99,137.00
1621445100.00,-0.74,-2.27,-2.38,147.45,-169.56,-88.71,137.00
1621445100.00,-0.74,-2.27,-2.38,147.20,-170.16,-88.40,137.00
1621445100.00,-0.74,-2.27,-2.38,146.75,-170.51,-88.41,137.00
1621445103.00,-0.73,-2.24,-2.37,149.65,-158.32,-99.33,138.00
1621445103.00,-0.73,-2.23,-2.38,146.91,-156.86,-98.66,138.00
1621445103.00,-0.73,-2.26,-2.39,144.76,-159.30,-99.56,138.00
1621445103.00,-0.72,-2.26,-2.40,144.58,-159.36,-99.79,138.00
1621445104.00,-0.72,-2.27,-2.40,142.82,-163.91,-96.62,139.00
1621445104.00,-0.72,-2.27,-2.40,142.73,-163.93,-96.29,139.00
1621445104.00,-0.72,-2.27,-2.40,142.49,-164.42,-96.30,139.00
1621445104.00,-0.72,-2.27,-2.40,142.36,-164.68,-96.10,139.00
1621445104.00,-0.71,-2.27,-2.41,140.92,-166.23,-94.58,139.00
1621445104.00,-0.71,-2.27,-2.41,140.81,-166.70,-94.92,139.00
1621445104.00,-0.71,-2.28,-2.41,139.67,-166.81,-94.47,139.00
1621445104.00,-0.70,-2.30,-2.42,136.07,-169.61,-92.46,139.00
1621445106.00,-0.70,-2.27,-2.43,138.81,-165.24,-96.76,140.00
1621445106.00,-0.70,-2.27,-2.44,138.79,-165.96,-95.66,140.00
1621445109.00,-0.68,-2.25,-2.45,130.58,-161.65,-100.88,141.00
1621445109.00,-0.69,-2.25,-2.45,132.09,-158.53,-101.20,141.00
1621445109.00,-0.69,-2.23,-2.44,133.25,-153.57,-101.88,141.00
1621445109.00,-0.69,-2.23,-2.44,133.96,-150.24,-106.18,141.00
1621445109.00,-0.69,-2.25,-2.45,131.76,-152.50,-106.56,141.00
1621445111.00,-0.67,-2.28,-2.47,126.89,-158.68,-103.26,142.00
1621445111.00,-0.67,-2.28,-2.47,126.64,-159.07,-102.62,142.00
1621445111.00,-0.67,-2.29,-2.48,118.99,-160.00,-100.09,142.00
1621445111.00,-0.67,-2.29,-2.47,120.56,-158.89,-103.72,142.00
1621445111.00,-0.67,-2.27,-2.47,125.01,-163.04,-99.98,142.00
1621445111.00,-0.68,-2.25,-2.46,126.96,-154.56,-100.10,142.00
1621445113.00,-0.67,-2.27,-2.49,123.86,-154.18,-107.86,143.00
1621445113.00,-0.66,-2.27,-2.49,123.06,-154.62,-107.51,143.00
1621445113.00,-0.66,-2.28,-2.49,122.91,-154.85,-107.30,143.00
1621445113.00,-0.65,-2.29,-2.51,115.56,-162.87,-101.91,143.00
1621445113.00,-0.65,-2.26,-2.49,121.72,-152.87,-107.82,143.00
1621445115.00,-0.65,-2.28,-2.51,121.44,-149.69,-112.21,144.00
1621445115.00,-0.65,-2.28,-2.51,121.32,-149.44,-112.32,144.00
1621445115.00,-0.66,-2.28,-2.50,121.30,-149.37,-112.34,144.00
1621445115.00,-0.65,-2.28,-2.50,121.27,-149.30,-112.36,144.00
1621445115.00,-0.65,-2.28,-2.51,120.42,-150.18,-111.30,144.00
1621445115.00,-0.65,-2.27,-2.51,120.30,-150.39,-111.08,144.00
1621445115.00,-0.65,-2.27,-2.51,120.13,-150.62,-110.83,144.00
1621445115.00,-0.65,-2.27,-2.51,119.89,-150.88,-110.45,144.00
1621445115.00,-0.65,-2.27,-2.51,119.68,-150.93,-110.49,144.00
1621445115.00,-0.65,-2.28,-2.51,119.59,-151.32,-110.38,144.00
1621445115.00,-0.65,-2.28,-2.51,118.20,-152.55,-108.99,144.00
1621445115.00,-0.65,-2.28,-2.52,115.92,-152.03,-109.04,144.00
1621445115.00,-0.64,-2.30,-2.53,110.88,-156.21,-105.61,144.00
1621445118.00,-0.64,-2.28,-2.53,113.94,-145.31,-114.33,145.00
1621445118.00,-0.64,-2.29,-2.55,109.35,-148.62,-111.98,145.00
1621445118.00,-0.64,-2.30,-2.56,107.97,-151.94,-108.34,145.00
1621445118.00,-0.64,-2.29,-2.55,108.16,-150.78,-108.88,145.00
1621445118.00,-0.64,-2.28,-2.55,109.21,-152.90,-108.33,145.00
1621445118.00,-0.64,-2.28,-2.55,111.09,-153.37,-108.34,145.00
1621445118.00,-0.64,-2.27,-2.54,111.93,-150.80,-109.41,145.00
1621445120.00,-0.63,-2.28,-2.55,112.18,-140.00,-120.46,146.00
1621445120.00,-0.63,-2.28,-2.55,112.57,-140.50,-120.09,146.00
1621445120.00,-0.63,-2.28,-2.55,112.96,-140.89,-119.93,146.00
1621445120.00,-0.62,-2.29,-2.56,109.34,-140.12,-121.07,146.00
1621445120.00,-0.62,-2.30,-2.58,104.29,-142.98,-116.25,146.00
1621445120.00,-0.62,-2.30,-2.58,104.54,-142.31,-117.15,146.00
1621445120.00,-0.62,-2.30,-2.58,104.57,-142.01,-117.61,146.00
1621445120.00,-0.62,-2.30,-2.58,104.27,-141.66,-118.08,146.00
1621445120.00,-0.62,-2.29,-2.58,104.78,-143.16,-116.62,146.00
1621445120.00,-0.62,-2.29,-2.58,104.81,-142.41,-117.88,146.00
1621445120.00,-0.63,-2.28,-2.57,104.72,-139.40,-120.38,146.00
1621445120.00,-0.63,-2.27,-2.56,106.66,-135.39,-122.59,146.00
1621445120.00,-0.62,-2.26,-2.56,109.45,-137.50,-122.19,146.00
1621445122.00,-0.62,-2.28,-2.57,109.28,-134.70,-125.17,147.00
1621445122.00,-0.62,-2.28,-2.57,108.85,-134.86,-124.83,147.00
1621445122.00,-0.62,-2.28,-2.58,107.64,-135.80,-123.69,147.00
1621445122.00,-0.62,-2.28,-2.58,107.49,-135.84,-123.70,147.00
1621445122.00,-0.62,-2.28,-2.58,107.39,-135.84,-123.82,147.00
1621445122.00,-0.61,-2.28,-2.58,107.36,-135.87,-123.98,147.00
1621445122.00,-0.62,-2.30,-2.60,98.21,-126.94,-131.31,147.00
1621445124.00,-0.60,-2.28,-2.59,105.19,-123.84,-135.77,148.00
1621445124.00,-0.60,-2.28,-2.59,105.42,-125.00,-135.01,148.00
1621445124.00,-0.60,-2.28,-2.59,105.59,-126.12,-133.92,148.00
1621445124.00,-0.60,-2.28,-2.59,105.32,-126.33,-133.69,148.00
1621445124.00,-0.60,-2.28,-2.59,105.22,-126.43,-133.65,148.00
1621445124.00,-0.60,-2.28,-2.60,104.37,-127.55,-132.56,148.00
1621445124.00,-0.60,-2.29,-2.60,104.37,-127.48,-132.67,148.00
1621445260.00,-0.75,-2.19,-2.47,137.33,-162.45,-97.54,199.00
1621445260.00,-0.74,-2.20,-2.47,137.13,-164.77,-98.46,199.00
1621445260.00,-0.74,-2.21,-2.47,138.01,-164.66,-100.31,199.00
1621445260.00,-0.74,-2.22,-2.47,138.03,-164.32,-100.73,199.00
1621445260.00,-0.74,-2.22,-2.47,137.56,-166.01,-99.50,199.00
1621445260.00,-0.74,-2.22,-2.47,137.30,-167.02,-98.46,199.00
1621445260.00,-0.74,-2.22,-2.47,136.67,-167.41,-97.88,199.00
1621445261.00,-0.74,-2.22,-2.48,135.82,-168.38,-97.58,200.00
1621445261.00,-0.74,-2.22,-2.48,135.63,-168.56,-97.41,200.00
1621445261.00,-0.74,-2.22,-2.48,135.49,-168.27,-97.57,200.00
1621445261.00,-0.74,-2.23,-2.48,135.68,-167.91,-97.36,200.00
1621445261.00,-0.74,-2.23,-2.48,136.01,-167.68,-96.87,200.00
1621445261.00,-0.73,-2.24,-2.49,139.34,-168.76,-96.39,200.00
1621445261.00,-0.73,-2.24,-2.49,138.82,-169.57,-96.49,200.00
1621445261.00,-0.74,-2.25,-2.49,136.04,-168.86,-94.13,200.00
1621445261.00,-0.74,-2.25,-2.49,136.01,-168.49,-94.16,200.00
1621445261.00,-0.74,-2.25,-2.49,135.90,-168.34,-94.08,200.00
1621445261.00,-0.74,-2.25,-2.49,135.18,-169.08,-93.40,200.00
1621445263.00,-0.73,-2.23,-2.49,138.09,-160.45,-102.85,201.00
1621445263.00,-0.73,-2.23,-2.49,137.49,-160.68,-102.97,201.00
1621445263.00,-0.73,-2.23,-2.49,138.16,-160.90,-103.17,201.00
1621445263.00,-0.73,-2.25,-2.50,137.31,-163.90,-102.42,201.00
1621445263.00,-0.72,-2.25,-2.49,136.94,-164.46,-102.69,201.00
1621445263.00,-0.72,-2.25,-2.49,136.56,-164.82,-101.98,201.00
1621445263.00,-0.72,-2.25,-2.49,136.39,-164.93,-101.92,201.00
1621445265.00,-0.72,-2.22,-2.51,138.61,-159.19,-105.52,202.00
1621445265.00,-0.72,-2.22,-2.51,138.16,-159.77,-104.59,202.00
1621445265.00,-0.72,-2.22,-2.51,137.65,-160.22,-104.10,202.00
1621445265.00,-0.72,-2.22,-2.51,137.32,-160.56,-103.77,202.00
1621445265.00,-0.72,-2.22,-2.51,136.78,-160.86,-103.59,202.00
1621445265.00,-0.72,-2.22,-2.51,136.38,-161.05,-103.37,202.00
1621445265.00,-0.72,-2.22,-2.51,135.85,-161.25,-102.98,202.00
1621445265.00,-0.72,-2.22,-2.52,133.83,-162.80,-100.70,202.00
1621445265.00,-0.72,-2.22,-2.52,133.46,-163.62,-99.81,202.00
1621445265.00,-0.72,-2.22,-2.52,133.39,-164.31,-99.05,202.00
1621445265.00,-0.72,-2.23,-2.53,132.00,-165.29,-98.01,202.00
1621445269.00,-0.71,-2.22,-2.55,126.65,-160.63,-104.06,203.00
1621445269.00,-0.71,-2.22,-2.55,126.90,-160.70,-104.36,203.00
1621445269.00,-0.71,-2.22,-2.55,126.18,-161.45,-103.38,203.00
1621445269.00,-0.71,-2.22,-2.55,124.83,-163.55,-100.88,203.00
1621445269.00,-0.70,-2.24,-2.56,121.66,-167.71,-97.82,203.00
1621445269.00,-0.70,-2.24,-2.56,120.23,-166.75,-98.13,203.00
1621445269.00,-0.70,-2.25,-2.57,119.62,-166.61,-97.70,203.00
1621445269.00,-0.70,-2.24,-2.57,119.28,-166.62,-97.49,203.00
1621445269.00,-0.70,-2.24,-2.57,118.92,-167.23,-96.79,203.00
1621445269.00,-0.70,-2.25,-2.57,117.91,-166.85,-97.22,203.00
1621445269.00,-0.70,-2.25,-2.57,118.54,-166.08,-98.34,203.00
1621445271.00,-0.69,-2.22,-2.57,120.98,-158.36,-104.51,204.00
1621445271.00,-0.69,-2.22,-2.57,121.11,-157.58,-106.98,204.00
1621445271.00,-0.69,-2.22,-2.57,121.46,-157.74,-106.85,204.00
1621445271.00,-0.69,-2.22,-2.57,121.81,-157.69,-107.59,204.00
1621445271.00,-0.69,-2.22,-2.57,121.21,-156.67,-106.92,204.00
1621445271.00,-0.69,-2.23,-2.58,120.01,-156.77,-106.48,204.00
1621445274.00,-0.68,-2.23,-2.60,115.02,-157.28,-106.19,205.00
1621445274.00,-0.68,-2.24,-2.61,113.21,-156.46,-107.51,205.00
1621445274.00,-0.68,-2.25,-2.61,112.21,-157.93,-105.91,205.00
1621445274.00,-0.68,-2.25,-2.62,111.55,-159.44,-104.02,205.00
1621445274.00,-0.68,-2.25,-2.63,109.85,-164.27,-97.17,205.00
1621445274.00,-0.68,-2.25,-2.63,109.88,-164.16,-96.74,205.00
1621445274.00,-0.68,-2.24,-2.62,112.79,-159.31,-103.82,205.00
1621445274.00,-0.68,-2.23,-2.61,113.30,-157.16,-106.09,205.00
1621445274.00,-0.68,-2.23,-2.61,113.43,-156.61,-106.78,205.00
1621445274.00,-0.68,-2.21,-2.60,115.92,-151.90,-108.31,205.00
1621445274.00,-0.68,-2.20,-2.59,116.81,-147.63,-111.78,205.00
1621445274.00,-0.68,-2.19,-2.59,118.51,-141.95,-118.34,205.00
1621445276.00,-0.67,-2.23,-2.62,111.61,-150.78,-112.11,206.00
1621445276.00,-0.67,-2.23,-2.62,112.18,-150.56,-112.13,206.00
1621445276.00,-0.67,-2.23,-2.62,112.82,-150.54,-112.33,206.00
1621445276.00,-0.67,-2.25,-2.64,110.06,-153.62,-109.39,206.00
1621445276.00,-0.67,-2.24,-2.63,110.36,-150.83,-111.99,206.00
1621445276.00,-0.67,-2.23,-2.62,112.64,-152.18,-113.38,206.00
1621445276.00,-0.67,-2.23,-2.61,114.41,-152.63,-112.10,206.00
1621445279.00,-0.67,-2.21,-2.65,101.81,-138.41,-120.86,207.00
1621445279.00,-0.67,-2.21,-2.64,102.08,-135.60,-122.80,207.00
1621445279.00,-0.67,-2.20,-2.64,103.29,-132.62,-124.44,207.00
1621445279.00,-0.65,-2.21,-2.65,103.08,-128.38,-132.00,207.00
1621445279.00,-0.65,-2.22,-2.66,102.48,-129.22,-131.84,207.00
1621445281.00,-0.65,-2.24,-2.68,91.76,-103.51,-156.99,208.00
1621445281.00,-0.65,-2.24,-2.69,91.73,-108.42,-151.58,208.00
1621445281.00,-0.65,-2.24,-2.69,92.46,-112.67,-147.81,208.00
1621445281.00,-0.65,-2.23,-2.69,92.91,-113.94,-146.33,208.00
1621445281.00,-0.66,-2.21,-2.68,94.29,-116.74,-141.23,208.00
1621445281.00,-0.64,-2.18,-2.66,96.65,-113.41,-146.21,208.00
1621445283.00,-0.62,-2.22,-2.69,91.98,-100.72,-163.36,209.00
1621445283.00,-0.62,-2.22,-2.69,92.03,-100.83,-163.34,209.00
1621445283.00,-0.62,-2.22,-2.69,92.18,-101.43,-163.06,209.00
1621445283.00,-0.62,-2.22,-2.69,92.14,-101.21,-163.27,209.00
1621445283.00,-0.62,-2.23,-2.70,92.28,-101.82,-162.68,209.00
1621445283.00,-0.63,-2.24,-2.70,89.79,-88.63,-175.49,209.00
1621445283.00,-0.64,-2.24,-2.72,86.07,-50.51,150.21,209.00
1621445286.00,-0.61,-2.24,-2.73,87.60,-75.38,170.67,210.00
1621445286.00,-0.61,-2.24,-2.73,87.70,-75.23,170.82,210.00
1621445286.00,-0.62,-2.23,-2.73,89.22,-84.40,-179.26,210.00
1621445286.00,-0.62,-2.17,-2.69,97.53,-109.70,-155.13,210.00
1621445286.00,-0.63,-2.17,-2.64,103.90,-115.71,-160.16,210.00
1621445289.00,-0.80,-2.22,-2.39,147.50,-171.95,-93.09,211.00
1621445289.00,-0.80,-2.23,-2.40,145.95,-173.43,-91.16,211.00
1621445289.00,-0.80,-2.23,-2.40,145.24,-173.90,-90.24,211.00
1621445292.00,-0.77,-2.25,-2.45,134.38,178.86,-83.31,212.00
1621445292.00,-0.78,-2.25,-2.45,134.82,-179.89,-84.63,212.00
1621445292.00,-0.78,-2.25,-2.45,134.14,-179.26,-85.36,212.00
1621445292.00,-0.78,-2.25,-2.45,133.68,179.71,-83.80,212.00
1621445294.00,-0.77,-2.23,-2.45,136.66,-170.93,-92.76,213.00
1621445294.00,-0.77,-2.24,-2.47,133.69,-175.53,-86.97,213.00
1621445294.00,-0.77,-2.24,-2.47,131.69,-177.61,-84.81,213.00
1621445294.00,-0.77,-2.25,-2.47,131.71,-176.09,-86.82,213.00
1621445294.00,-0.77,-2.24,-2.47,130.98,-177.80,-85.55,213.00
1621445294.00,-0.77,-2.25,-2.47,131.16,-177.88,-85.33,213.00
1621445294.00,-0.77,-2.22,-2.46,133.23,-174.00,-89.62,213.00
1621445294.00,-0.77,-2.21,-2.46,134.83,-171.13,-90.35,213.00
1621445297.00,-0.76,-2.25,-2.49,127.11,-173.16,-90.58,214.00
1621445297.00,-0.76,-2.23,-2.49,126.34,-174.14,-89.58,214.00
1621445299.00,-0.75,-2.23,-2.50,123.45,-172.19,-90.15,215.00
1621445299.00,-0.75,-2.24,-2.51,122.41,-173.40,-88.37,215.00
1621445299.00,-0.75,-2.25,-2.53,116.84,174.46,-75.37,215.00
1621445299.00,-0.75,-2.25,-2.54,116.78,172.54,-73.44,215.00
1621445299.00,-0.75,-2.22,-2.51,122.10,-170.72,-91.57,215.00
1621445301.00,-0.74,-2.22,-2.52,120.88,-163.15,-99.63,216.00
1621445301.00,-0.74,-2.22,-2.52,120.85,-163.24,-99.68,216.00
1621445301.00,-0.74,-2.22,-2.52,120.86,-163.31,-99.68,216.00
1621445301.00,-0.74,-2.22,-2.52,120.76,-163.49,-99.57,216.00
1621445301.00,-0.74,-2.23,-2.52,120.30,-165.36,-96.31,216.00
1621445301.00,-0.74,-2.25,-2.54,113.12,-178.18,-82.76,216.00
1621445304.00,-0.73,-2.23,-2.54,115.43,-162.96,-99.46,217.00
1621445304.00,-0.73,-2.25,-2.55,111.41,-164.08,-97.39,217.00
1621445304.00,-0.73,-2.25,-2.56,110.07,-167.59,-93.19,217.00
1621445304.00,-0.73,-2.25,-2.56,109.24,-169.48,-91.24,217.00
1621445304.00,-0.73,-2.24,-2.56,111.33,-165.63,-95.76,217.00
1621445304.00,-0.73,-2.23,-2.56,112.45,-165.01,-97.70,217.00
1621445304.00,-0.73,-2.21,-2.55,113.51,-164.08,-96.70,217.00
1621445306.00,-0.72,-2.22,-2.56,111.37,-156.01,-107.50,218.00
1621445306.00,-0.72,-2.23,-2.56,111.38,-156.13,-107.37,218.00
1621445306.00,-0.72,-2.23,-2.56,111.57,-155.66,-107.95,218.00
1621445306.00,-0.72,-2.23,-2.56,111.93,-155.31,-108.10,218.00
1621445306.00,-0.72,-2.23,-2.56,111.63,-154.82,-108.03,218.00
1621445306.00,-0.72,-2.23,-2.56,110.63,-155.20,-107.01,218.00
1621445306.00,-0.71,-2.25,-2.58,106.36,-159.06,-103.14,218.00
1621445306.00,-0.71,-2.25,-2.58,106.26,-159.42,-102.83,218.00
1621445306.00,-0.71,-2.25,-2.57,107.63,-157.44,-106.13,218.00
1621445306.00,-0.71,-2.25,-2.57,107.45,-157.42,-106.26,218.00
1621445306.00,-0.71,-2.25,-2.57,107.50,-157.16,-106.51,218.00
1621445306.00,-0.71,-2.24,-2.57,107.86,-156.16,-107.47,218.00
1621445306.00,-0.72,-2.23,-2.57,110.02,-156.87,-106.21,218.00
1621445308.00,-0.70,-2.22,-2.58,107.17,-150.20,-113.64,219.00
1621445308.00,-0.70,-2.24,-2.59,103.66,-152.69,-110.63,219.00
1621445308.00,-0.70,-2.24,-2.60,102.10,-153.18,-110.20,219.00
1621445308.00,-0.70,-2.24,-2.60,102.16,-153.26,-110.07,219.00
1621445308.00,-0.70,-2.24,-2.61,100.55,-159.37,-103.03,219.00
1621445308.00,-0.70,-2.22,-2.60,102.77,-156.06,-106.79,219.00
1621445310.00,-0.69,-2.22,-2.61,102.33,-140.60,-122.42,220.00
1621445310.00,-0.69,-2.22,-2.61,101.24,-138.09,-124.19,220.00
1621445310.00,-0.69,-2.22,-2.61,101.19,-138.53,-123.16,220.00
1621445310.00,-0.70,-2.24,-2.62,99.23,-142.85,-117.51,220.00
1621445310.00,-0.70,-2.25,-2.62,98.88,-142.11,-118.27,220.00
1621445310.00,-0.70,-2.25,-2.62,98.14,-140.49,-119.75,220.00
1621445310.00,-0.70,-2.25,-2.62,97.75,-138.81,-121.21,220.00
1621445310.00,-0.70,-2.25,-2.62,97.64,-137.22,-122.74,220.00
1621445310.00,-0.70,-2.24,-2.61,99.46,-137.76,-123.08,220.00
1621445312.00,-0.68,-2.22,-2.62,99.94,-126.56,-135.54,221.00
1621445312.00,-0.68,-2.22,-2.62,99.87,-125.84,-136.49,221.00
1621445312.00,-0.68,-2.22,-2.62,99.23,-124.43,-138.29,221.00
1621445312.00,-0.68,-2.22,-2.62,98.30,-123.42,-139.10,221.00
1621445312.00,-0.67,-2.24,-2.63,97.34,-124.77,-139.02,221.00
1621445312.00,-0.67,-2.24,-2.64,95.61,-124.77,-138.89,221.00
1621445315.00,-0.66,-2.22,-2.64,99.85,-124.78,-140.89,222.00
1621445315.00,-0.66,-2.25,-2.66,91.03,-96.87,-164.86,222.00
1621445315.00,-0.66,-2.25,-2.65,92.13,-101.04,-161.73,222.00
1621445315.00,-0.66,-2.25,-2.66,90.75,-94.26,-168.43,222.00
1621445315.00,-0.66,-2.25,-2.66,90.40,-92.32,-169.72,222.00
1621445315.00,-0.66,-2.23,-2.66,90.79,-95.59,-165.24,222.00
1621445315.00,-0.66,-2.21,-2.64,95.45,-115.56,-144.09,222.00
1621445317.00,-0.64,-2.21,-2.65,98.39,-116.01,-148.09,223.00
1621445317.00,-0.64,-2.21,-2.66,98.39,-116.06,-148.39,223.00
1621445317.00,-0.65,-2.22,-2.66,97.35,-115.86,-149.21,223.00
1621445317.00,-0.65,-2.22,-2.66,96.87,-113.00,-152.31,223.00
1621445317.00,-0.65,-2.22,-2.67,95.99,-112.86,-152.25,223.00
1621445320.00,-0.63,-2.23,-2.70,85.45,-63.88,160.30,224.00
1621445320.00,-0.63,-2.24,-2.70,83.77,-54.14,150.60,224.00
1621445320.00,-0.64,-2.24,-2.71,81.91,-38.21,137.10,224.00
1621445320.00,-0.63,-2.18,-2.66,93.32,-98.40,-163.70,224.00
1621445320.00,-0.63,-2.18,-2.66,93.44,-98.56,-162.95,224.00
1621445320.00,-0.63,-2.18,-2.66,92.70,-96.85,-163.36,224.00
1621445322.00,-0.62,-2.22,-2.72,85.65,-70.91,166.11,225.00
1621445322.00,-0.62,-2.24,-2.73,83.39,-57.45,152.79,225.00
1621445322.00,-0.63,-2.24,-2.73,81.88,-47.25,145.06,225.00
1621445325.00,-0.81,-2.22,-2.41,143.50,-173.65,-90.41,226.00
1621445325.00,-0.80,-2.22,-2.41,142.17,-175.21,-89.10,226.00
1621445325.00,-0.80,-2.24,-2.42,142.73,-176.75,-88.73,226.00
1621445325.00,-0.80,-2.24,-2.42,142.60,-176.93,-87.80,226.00
1621445325.00,-0.81,-2.25,-2.42,140.39,-176.89,-86.33,226.00
1621445325.00,-0.80,-2.23,-2.42,140.88,-176.39,-86.96,226.00
1621445328.00,-0.80,-2.22,-2.44,139.89,-174.61,-86.68,227.00
1621445328.00,-0.81,-2.21,-2.43,141.48,-173.11,-86.94,227.00
1621445328.00,-0.81,-2.20,-2.43,141.71,-172.35,-87.28,227.00
1621445328.00,-0.81,-2.20,-2.43,141.78,-171.79,-87.38,227.00
1621445328.00,-0.81,-2.20,-2.43,141.17,-170.58,-88.17,227.00
1621445328.00,-0.81,-2.20,-2.43,141.23,-169.49,-89.71,227.00
1621445328.00,-0.81,-2.20,-2.43,140.87,-167.26,-92.16,227.00
1621445328.00,-0.80,-2.20,-2.44,140.65,-167.11,-92.43,227.00
1621445328.00,-0.80,-2.21,-2.44,139.22,-166.43,-94.31,227.00
1621445328.00,-0.80,-2.21,-2.44,139.04,-166.42,-94.62,227.00
1621445330.00,-0.79,-2.24,-2.47,128.81,-174.40,-88.33,228.00
1621445330.00,-0.79,-2.25,-2.47,128.80,-174.57,-87.97,228.00
1621445330.00,-0.79,-2.25,-2.47,128.73,-174.92,-87.48,228.00
1621445330.00,-0.78,-2.24,-2.48,126.91,-177.49,-84.94,228.00
1621445330.00,-0.78,-2.23,-2.48,126.76,-176.40,-85.76,228.00
1621445330.00,-0.79,-2.22,-2.46,132.58,-170.85,-90.05,228.00
1621445330.00,-0.79,-2.20,-2.45,133.71,-163.76,-95.57,228.00
1621445332.00,-0.77,-2.24,-2.49,122.40,-172.86,-90.08,229.00
1621445332.00,-0.78,-2.25,-2.49,123.38,-170.15,-92.70,229.00
1621445332.00,-0.78,-2.25,-2.49,123.19,-170.10,-92.57,229.00
1621445332.00,-0.78,-2.25,-2.49,122.71,-170.79,-91.79,229.00
1621445332.00,-0.78,-2.24,-2.49,123.52,-170.66,-92.27,229.00
1621445332.00,-0.78,-2.22,-2.47,128.10,-164.27,-97.54,229.00
1621445332.00,-0.78,-2.22,-2.47,129.29,-164.79,-97.31,229.00
1621445332.00,-0.79,-2.20,-2.47,131.12,-161.74,-98.70,229.00
1621445334.00,-0.76,-2.23,-2.50,123.91,-164.75,-98.93,230.00
1621445334.00,-0.76,-2.23,-2.51,121.93,-169.06,-94.86,230.00
1621445334.00,-0.76,-2.25,-2.51,121.74,-167.87,-95.87,230.00
1621445334.00,-0.76,-2.25,-2.51,121.16,-167.56,-96.02,230.00
1621445337.00,-0.75,-2.22,-2.52,120.23,-160.50,-101.54,231.00
1621445337.00,-0.75,-2.21,-2.51,121.30,-159.24,-102.28,231.00
1621445337.00,-0.75,-2.20,-2.51,121.74,-155.78,-105.29,231.00
1621445337.00,-0.75,-2.20,-2.51,122.64,-153.83,-107.22,231.00
1621445337.00,-0.75,-2.20,-2.51,122.46,-152.50,-109.20,231.00
1621445337.00,-0.74,-2.22,-2.53,118.73,-155.21,-107.55,231.00
1621445339.00,-0.74,-2.25,-2.56,109.37,-164.86,-96.95,232.00
1621445339.00,-0.74,-2.25,-2.56,107.65,-168.03,-93.51,232.00
1621445339.00,-0.74,-2.24,-2.55,112.27,-163.35,-100.10,232.00
1621445339.00,-0.74,-2.22,-2.54,117.05,-155.58,-107.65,232.00
1621445339.00,-0.74,-2.21,-2.54,119.01,-154.97,-108.26,232.00
1621445339.00,-0.74,-2.20,-2.54,116.77,-150.88,-111.29,232.00
1621445341.00,-0.73,-2.24,-2.58,106.93,-155.79,-105.92,233.00
1621445341.00,-0.73,-2.24,-2.58,107.06,-156.69,-104.68,233.00
1621445341.00,-0.73,-2.25,-2.58,107.16,-156.80,-104.53,233.00
1621445341.00,-0.73,-2.24,-2.58,107.01,-156.81,-104.53,233.00
1621445341.00,-0.73,-2.24,-2.58,106.98,-156.74,-104.67,233.00
1621445341.00,-0.73,-2.24,-2.58,106.85,-156.83,-104.64,233.00
1621445341.00,-0.73,-2.24,-2.58,107.75,-155.52,-106.28,233.00
1621445341.00,-0.73,-2.21,-2.57,109.79,-149.69,-110.80,233.00
1621445341.00,-0.73,-2.20,-2.57,109.26,-143.26,-116.42,233.00
1621445341.00,-0.73,-2.20,-2.57,108.51,-142.68,-117.24,233.00
1621445341.00,-0.72,-2.21,-2.58,108.43,-143.74,-117.81,233.00
1621445341.00,-0.72,-2.21,-2.58,107.72,-144.97,-116.37,233.00
1621445343.00,-0.72,-2.24,-2.60,101.95,-149.23,-112.18,234.00
1621445343.00,-0.71,-2.22,-2.60,105.85,-148.90,-113.59,234.00
1621445343.00,-0.71,-2.21,-2.59,107.14,-137.80,-123.81,234.00
1621445343.00,-0.71,-2.21,-2.60,106.09,-139.16,-123.45,234.00
1621445344.00,-0.71,-2.22,-2.60,105.75,-140.66,-122.60,235.00
1621445344.00,-0.70,-2.22,-2.60,106.27,-140.30,-123.50,235.00
1621445344.00,-0.71,-2.22,-2.60,106.14,-140.62,-123.17,235.00
1621445344.00,-0.71,-2.22,-2.60,105.48,-138.87,-124.79,235.00
1621445344.00,-0.70,-2.22,-2.61,103.95,-137.69,-125.79,235.00
1621445344.00,-0.70,-2.23,-2.62,101.45,-139.82,-122.77,235.00
1621445344.00,-0.71,-2.24,-2.62,100.96,-142.52,-120.22,235.00
1621445347.00,-0.69,-2.24,-2.63,99.88,-124.53,-138.73,236.00
1621445347.00,-0.69,-2.24,-2.63,99.02,-123.13,-139.98,236.00
1621445347.00,-0.69,-2.24,-2.63,95.56,-112.87,-149.13,236.00
1621445347.00,-0.69,-2.21,-2.62,98.81,-112.74,-148.51,236.00
1621445349.00,-0.69,-2.25,-2.66,84.87,-62.32,164.20,237.00
1621445349.00,-0.69,-2.25,-2.66,85.14,-62.44,164.85,237.00
1621445349.00,-0.69,-2.25,-2.66,85.62,-66.41,168.33,237.00
1621445349.00,-0.69,-2.23,-2.66,86.43,-70.08,169.84,237.00
1621445349.00,-0.68,-2.21,-2.64,94.41,-101.51,-159.74,237.00
1621445349.00,-0.67,-2.22,-2.65,91.90,-96.00,-164.25,237.00
1621445351.00,-0.67,-2.25,-2.68,85.05,-68.87,170.06,238.00
1621445351.00,-0.68,-2.25,-2.69,83.11,-50.23,153.77,238.00
1621445351.00,-0.68,-2.25,-2.69,82.92,-48.83,152.58,238.00
1621445351.00,-0.68,-2.25,-2.69,83.05,-50.92,154.56,238.00
1621445351.00,-0.68,-2.25,-2.68,83.25,-54.16,157.48,238.00
1621445351.00,-0.68,-2.25,-2.68,83.41,-57.17,159.98,238.00
1621445351.00,-0.68,-2.24,-2.68,85.20,-67.97,169.04,238.00
1621445351.00,-0.66,-2.22,-2.66,91.39,-94.67,-167.47,238.00
1621445351.00,-0.66,-2.20,-2.66,89.97,-89.92,-169.60,238.00
1621445352.00,-0.66,-2.22,-2.69,85.78,-74.28,173.50,239.00
1621445352.00,-0.66,-2.22,-2.69,84.55,-67.94,167.24,239.00
1621445352.00,-0.66,-2.22,-2.69,84.52,-67.51,166.96,239.00
1621445352.00,-0.66,-2.24,-2.71,78.61,-36.31,137.60,239.00
1621445354.00,-0.64,-2.22,-2.71,82.68,-65.22,163.64,240.00
1621445354.00,-0.64,-2.22,-2.71,82.57,-63.91,162.25,240.00
1621445354.00,-0.64,-2.22,-2.71,82.18,-62.39,160.81,240.00
1621445354.00,-0.64,-2.23,-2.72,82.50,-60.48,159.85,240.00
1621445354.00,-0.65,-2.25,-2.74,74.48,-24.28,126.74,240.00
1621445358.00,-0.80,-2.24,-2.42,140.08,-179.53,-89.62,241.00
1621445358.00,-0.80,-2.24,-2.43,138.27,178.72,-86.66,241.00
1621445358.00,-0.80,-2.24,-2.43,137.99,178.43,-86.11,241.00
1621445358.00,-0.80,-2.24,-2.43,137.37,177.97,-85.73,241.00
1621445358.00,-0.81,-2.20,-2.43,139.06,-174.46,-88.17,241.00
1621445359.00,-0.80,-2.22,-2.43,138.56,-173.82,-92.78,242.00
1621445359.00,-0.80,-2.22,-2.44,138.05,-174.26,-92.50,242.00
1621445359.00,-0.80,-2.22,-2.44,137.43,-174.13,-92.64,242.00
1621445359.00,-0.80,-2.22,-2.44,137.25,-174.11,-92.60,242.00
1621445359.00,-0.80,-2.23,-2.44,136.18,-175.60,-91.21,242.00
1621445359.00,-0.80,-2.24,-2.44,136.22,-175.14,-91.18,242.00
1621445359.00,-0.80,-2.24,-2.45,134.68,-176.15,-90.06,242.00
1621445359.00,-0.80,-2.24,-2.45,133.84,-177.31,-88.92,242.00
1621445359.00,-0.80,-2.24,-2.45,133.28,-178.08,-88.22,242.00
1621445361.00,-0.79,-2.22,-2.45,135.78,-169.73,-96.86,243.00
1621445361.00,-0.79,-2.22,-2.45,135.57,-169.58,-97.28,243.00
1621445361.00,-0.79,-2.22,-2.46,134.92,-169.33,-96.63,243.00
1621445361.00,-0.79,-2.23,-2.46,134.77,-170.87,-95.01,243.00
1621445361.00,-0.79,-2.23,-2.46,134.46,-171.41,-94.52,243.00
1621445361.00,-0.79,-2.23,-2.46,134.16,-171.90,-93.94,243.00
1621445361.00,-0.79,-2.23,-2.46,133.62,-171.89,-94.47,243.00
1621445361.00,-0.78,-2.25,-2.48,128.63,177.10,-84.53,243.00
1621445361.00,-0.78,-2.25,-2.49,127.91,175.44,-82.84,243.00
1621445361.00,-0.78,-2.25,-2.49,127.60,173.95,-81.50,243.00
1621445363.00,-0.78,-2.24,-2.49,127.15,-170.53,-96.59,244.00
1621445363.00,-0.78,-2.24,-2.49,127.09,-170.55,-96.44,244.00
1621445363.00,-0.78,-2.24,-2.49,126.09,-170.89,-95.49,244.00
1621445363.00,-0.78,-2.24,-2.49,125.52,-170.88,-94.59,244.00
1621445363.00,-0.78,-2.23,-2.48,127.80,-168.21,-97.16,244.00
1621445363.00,-0.79,-2.21,-2.48,130.85,-167.71,-98.34,244.00
1621445363.00,-0.79,-2.21,-2.48,131.81,-166.40,-99.73,244.00
1621445363.00,-0.78,-2.21,-2.49,128.14,-161.49,-101.47,244.00
1621445364.00,-0.78,-2.22,-2.49,127.67,-162.47,-102.18,245.00
1621445364.00,-0.78,-2.22,-2.49,127.94,-162.21,-102.79,245.00
1621445364.00,-0.78,-2.22,-2.49,128.06,-162.97,-102.52,245.00
1621445364.00,-0.78,-2.22,-2.49,127.39,-162.53,-103.37,245.00
1621445364.00,-0.78,-2.22,-2.49,126.95,-162.62,-103.14,245.00
1621445364.00,-0.78,-2.22,-2.50,126.47,-163.15,-102.74,245.00
1621445364.00,-0.77,-2.24,-2.51,121.19,-167.26,-97.88,245.00
1621445364.00,-0.77,-2.24,-2.51,122.24,-166.57,-98.88,245.00
1621445366.00,-0.77,-2.22,-2.52,120.61,-159.88,-103.93,246.00
1621445366.00,-0.77,-2.22,-2.52,120.45,-159.56,-104.26,246.00
1621445366.00,-0.77,-2.22,-2.52,120.67,-161.51,-102.82,246.00
1621445366.00,-0.77,-2.22,-2.52,120.01,-162.74,-101.18,246.00
1621445366.00,-0.77,-2.23,-2.53,118.82,-162.10,-100.95,246.00
1621445366.00,-0.77,-2.25,-2.55,113.56,-168.90,-92.91,246.00
1621445366.00,-0.77,-2.25,-2.54,113.92,-167.74,-94.21,246.00
1621445366.00,-0.77,-2.25,-2.54,113.51,-168.25,-93.78,246.00
1621445456.00,-0.82,-2.28,-2.46,-160.37,-174.43,-84.06,273.00
1621445456.00,-0.83,-2.28,-2.46,-161.05,-172.93,-85.48,273.00
1621445456.00,-0.83,-2.28,-2.46,-161.23,-172.63,-85.99,273.00
1621445456.00,-0.83,-2.28,-2.46,-161.23,-172.31,-86.90,273.00
1621445456.00,-0.83,-2.28,-2.46,-161.10,-172.38,-87.20,273.00
1621445459.00,-0.84,-2.25,-2.45,-153.88,-174.35,-96.30,274.00
1621445459.00,-0.82,-2.27,-2.46,-158.81,-175.74,-94.21,274.00
1621445459.00,-0.82,-2.27,-2.46,-158.66,-175.97,-94.43,274.00
1621445459.00,-0.82,-2.27,-2.46,-158.82,-175.99,-94.28,274.00
1621445459.00,-0.82,-2.27,-2.46,-158.73,-175.73,-94.37,274.00
1621445464.00,-0.83,-2.25,-2.46,-153.02,-175.39,-100.10,275.00
1621445464.00,-0.83,-2.25,-2.46,-153.15,-175.45,-100.10,275.00
1621445464.00,-0.82,-2.25,-2.47,-155.36,-176.29,-98.66,275.00
1621445464.00,-0.82,-2.26,-2.47,-156.26,-176.58,-98.58,275.00
1621445464.00,-0.81,-2.27,-2.48,-161.73,-177.09,-94.72,275.00
1621445464.00,-0.81,-2.28,-2.49,-163.50,-174.97,-91.94,275.00
1621445464.00,-0.81,-2.28,-2.49,-163.41,-174.81,-92.19,275.00
1621445465.00,-0.82,-2.25,-2.48,-158.51,-176.37,-97.02,276.00
1621445465.00,-0.82,-2.25,-2.48,-157.07,-173.44,-96.51,276.00
1621445465.00,-0.83,-2.21,-2.47,-153.32,-169.18,-102.51,276.00
1621445465.00,-0.83,-2.21,-2.47,-154.04,-168.16,-100.63,276.00
1621445465.00,-0.82,-2.22,-2.47,-155.09,-170.03,-101.03,276.00
1621445465.00,-0.82,-2.24,-2.48,-156.04,-171.98,-101.21,276.00
1621445465.00,-0.81,-2.24,-2.48,-156.30,-172.37,-101.24,276.00
1621445465.00,-0.81,-2.24,-2.48,-156.44,-173.17,-101.37,276.00
1621445467.00,-0.80,-2.27,-2.50,-163.21,-176.48,-96.10,277.00
1621445467.00,-0.79,-2.27,-2.51,-162.82,-176.91,-94.72,277.00
1621445467.00,-0.80,-2.27,-2.51,-162.98,-176.68,-94.43,277.00
1621445467.00,-0.80,-2.27,-2.51,-163.66,-176.11,-93.50,277.00
1621445467.00,-0.80,-2.27,-2.51,-163.51,-175.77,-93.31,277.00
1621445467.00,-0.80,-2.27,-2.51,-163.25,-175.55,-93.62,277.00
1621445474.00,-0.77,-2.25,-2.56,-176.17,-172.29,-98.67,279.00
1621445474.00,-0.77,-2.25,-2.56,-176.23,-172.39,-98.48,279.00
1621445474.00,-0.77,-2.25,-2.56,-176.48,-172.50,-98.19,279.00
1621445474.00,-0.77,-2.25,-2.56,-176.41,-172.54,-98.28,279.00
1621445474.00,-0.77,-2.25,-2.56,-176.60,-172.49,-98.32,279.00
1621445474.00,-0.77,-2.25,-2.56,-176.62,-172.61,-98.37,279.00
1621445474.00,-0.77,-2.25,-2.56,-176.56,-172.60,-98.34,279.00
1621445474.00,-0.77,-2.25,-2.56,-177.21,-172.70,-98.20,279.00
1621445474.00,-0.76,-2.27,-2.57,178.08,-174.94,-96.88,279.00
1621445476.00,-0.75,-2.25,-2.57,-179.60,-174.49,-102.81,280.00
1621445476.00,-0.75,-2.25,-2.57,179.86,-174.35,-102.78,280.00
1621445476.00,-0.75,-2.27,-2.60,174.13,-172.05,-95.07,280.00
1621445476.00,-0.75,-2.27,-2.60,174.33,-172.37,-95.14,280.00
1621445478.00,-0.74,-2.25,-2.58,-179.85,-172.46,-106.50,281.00
1621445478.00,-0.74,-2.25,-2.59,179.26,-172.38,-105.38,281.00
1621445478.00,-0.74,-2.25,-2.59,178.78,-172.17,-104.43,281.00
1621445478.00,-0.74,-2.25,-2.59,176.78,-171.53,-102.22,281.00
1621445478.00,-0.74,-2.25,-2.59,176.24,-171.55,-102.06,281.00
1621445478.00,-0.74,-2.25,-2.60,175.46,-171.48,-101.73,281.00
1621445478.00,-0.74,-2.25,-2.60,175.10,-171.56,-101.54,281.00
1621445478.00,-0.74,-2.25,-2.60,174.93,-171.87,-101.41,281.00
1621445478.00,-0.73,-2.26,-2.60,171.58,-172.78,-99.53,281.00
1621445478.00,-0.73,-2.26,-2.61,170.50,-172.99,-98.80,281.00
1621445478.00,-0.73,-2.27,-2.61,169.57,-173.33,-97.65,281.00
1621445478.00,-0.73,-2.27,-2.62,168.07,-174.44,-94.24,281.00
1621445480.00,-0.72,-2.25,-2.61,173.82,-173.54,-104.43,282.00
1621445480.00,-0.72,-2.25,-2.61,173.63,-173.58,-104.30,282.00
1621445480.00,-0.72,-2.25,-2.61,173.55,-173.65,-104.41,282.00
1621445480.00,-0.72,-2.27,-2.63,167.02,-171.65,-100.23,282.00
1621445480.00,-0.72,-2.27,-2.63,167.20,-171.90,-100.33,282.00
1621445480.00,-0.72,-2.27,-2.64,166.09,-171.81,-99.75,282.00
1621445480.00,-0.72,-2.27,-2.64,165.53,-171.90,-99.00,282.00
1621445480.00,-0.72,-2.27,-2.64,165.18,-172.06,-98.38,282.00
1621445482.00,-0.71,-2.26,-2.65,167.91,-171.92,-100.65,283.00
1621445482.00,-0.71,-2.27,-2.66,167.19,-172.87,-100.51,283.00
1621445482.00,-0.71,-2.27,-2.66,166.67,-172.58,-100.27,283.00
1621445482.00,-0.71,-2.28,-2.66,166.25,-172.29,-100.30,283.00
1621445484.00,-0.70,-2.26,-2.66,167.44,-169.50,-105.81,284.00
1621445484.00,-0.70,-2.26,-2.66,167.16,-169.52,-105.64,284.00
1621445484.00,-0.70,-2.25,-2.66,165.97,-169.03,-104.81,284.00
1621445484.00,-0.70,-2.26,-2.66,163.89,-169.80,-104.34,284.00
1621445484.00,-0.70,-2.26,-2.67,161.46,-168.70,-103.69,284.00
1621445484.00,-0.71,-2.28,-2.68,155.92,-165.58,-100.50,284.00
1621445484.00,-0.71,-2.28,-2.69,157.24,-165.54,-99.57,284.00
1621445484.00,-0.71,-2.27,-2.69,157.65,-165.47,-99.48,284.00
1621445484.00,-0.71,-2.28,-2.69,158.07,-165.24,-99.68,284.00
1621445484.00,-0.71,-2.28,-2.68,158.14,-165.17,-99.97,284.00
1621445486.00,-0.69,-2.26,-2.68,166.63,-169.67,-107.55,285.00
1621445486.00,-0.69,-2.26,-2.68,165.48,-169.71,-106.15,285.00
1621445486.00,-0.69,-2.26,-2.68,164.97,-169.56,-105.81,285.00
1621445486.00,-0.69,-2.27,-2.69,159.14,-168.28,-104.24,285.00
1621445486.00,-0.69,-2.27,-2.70,159.48,-168.65,-104.07,285.00
1621445486.00,-0.69,-2.28,-2.70,158.98,-167.69,-103.85,285.00
1621445486.00,-0.69,-2.28,-2.70,158.71,-167.47,-103.76,285.00
1621445489.00,-0.86,-2.27,-2.41,-141.34,-175.86,-87.09,286.00
1621445489.00,-0.86,-2.27,-2.41,-141.03,-177.16,-86.99,286.00
1621445489.00,-0.86,-2.27,-2.41,-141.16,-177.02,-87.15,286.00
1621445489.00,-0.87,-2.25,-2.40,-137.81,-173.23,-87.29,286.00
1621445489.00,-0.87,-2.23,-2.40,-135.56,-172.76,-91.46,286.00
1621445491.00,-0.85,-2.27,-2.43,-145.57,-176.61,-89.99,287.00
1621445491.00,-0.85,-2.27,-2.43,-146.32,-176.41,-88.49,287.00
1621445491.00,-0.86,-2.24,-2.42,-142.46,-174.40,-90.19,287.00
1621445491.00,-0.86,-2.23,-2.42,-141.63,-173.74,-90.92,287.00
1621445491.00,-0.86,-2.23,-2.43,-141.59,-171.77,-91.56,287.00
1621445491.00,-0.86,-2.23,-2.43,-141.84,-171.87,-91.85,287.00
1621445491.00,-0.86,-2.23,-2.43,-142.04,-172.70,-93.11,287.00
1621445493.00,-0.84,-2.27,-2.46,-153.50,-175.77,-85.75,288.00
1621445493.00,-0.84,-2.27,-2.46,-151.43,-176.21,-88.66,288.00
1621445493.00,-0.85,-2.24,-2.45,-147.76,-174.04,-90.97,288.00
1621445493.00,-0.85,-2.24,-2.44,-145.27,-175.18,-93.86,288.00
1621445493.00,-0.85,-2.23,-2.44,-144.91,-174.08,-95.61,288.00
1621445494.00,-0.84,-2.25,-2.46,-149.94,-176.18,-94.72,289.00
1621445494.00,-0.84,-2.25,-2.46,-149.79,-176.30,-94.97,289.00
1621445494.00,-0.84,-2.26,-2.47,-153.66,-176.24,-93.19,289.00
1621445494.00,-0.83,-2.26,-2.47,-154.09,-176.49,-92.94,289.00
1621445494.00,-0.84,-2.27,-2.47,-155.15,-176.45,-92.25,289.00
1621445494.00,-0.84,-2.27,-2.47,-156.07,-176.26,-91.37,289.00
1621445496.00,-0.83,-2.25,-2.48,-153.14,-176.66,-97.69,290.00
1621445496.00,-0.83,-2.25,-2.48,-153.48,-176.61,-97.40,290.00
1621445496.00,-0.82,-2.25,-2.48,-155.21,-176.12,-95.60,290.00
1621445496.00,-0.82,-2.26,-2.49,-157.83,-176.12,-93.00,290.00
1621445496.00,-0.82,-2.26,-2.49,-158.60,-176.52,-92.88,290.00
1621445496.00,-0.82,-2.27,-2.49,-158.86,-177.16,-92.43,290.00
1621445496.00,-0.82,-2.27,-2.49,-158.88,-177.01,-92.53,290.00
1621445496.00,-0.82,-2.27,-2.49,-158.95,-176.81,-92.47,290.00
1621445498.00,-0.82,-2.25,-2.50,-157.17,-175.86,-97.84,291.00
1621445498.00,-0.82,-2.25,-2.50,-157.85,-175.51,-96.71,291.00
1621445498.00,-0.82,-2.25,-2.50,-159.21,-174.38,-94.72,291.00
1621445498.00,-0.82,-2.25,-2.51,-160.60,-174.03,-93.58,291.00
1621445498.00,-0.82,-2.25,-2.51,-162.81,-173.88,-91.93,291.00
1621445498.00,-0.80,-2.27,-2.53,-166.79,-176.55,-88.90,291.00
1621445498.00,-0.80,-2.27,-2.53,-166.50,-176.63,-89.52,291.00
1621445498.00,-0.80,-2.27,-2.52,-166.11,-176.65,-90.14,291.00
1621445498.00,-0.80,-2.27,-2.52,-165.13,-176.79,-90.84,291.00
1621445498.00,-0.80,-2.26,-2.52,-164.11,-176.98,-90.91,291.00
1621445500.00,-0.80,-2.26,-2.52,-163.83,-175.68,-97.23,292.00
1621445500.00,-0.80,-2.27,-2.53,-168.51,-175.53,-95.50,292.00
1621445500.00,-0.80,-2.27,-2.53,-168.04,-176.55,-95.81,292.00
1621445500.00,-0.80,-2.27,-2.53,-167.73,-176.73,-96.13,292.00
1621445500.00,-0.79,-2.26,-2.53,-166.99,-177.07,-95.90,292.00
1621445500.00,-0.80,-2.26,-2.52,-165.55,-177.72,-96.54,292.00
1621445500.00,-0.80,-2.26,-2.52,-164.66,-177.06,-96.59,292.00
1621445503.00,-0.79,-2.27,-2.56,-174.16,-174.51,-96.16,293.00
1621445503.00,-0.79,-2.27,-2.56,-174.41,-174.43,-96.14,293.00
1621445503.00,-0.79,-2.27,-2.56,-174.23,-174.55,-96.30,293.00
1621445503.00,-0.79,-2.24,-2.53,-163.23,-174.66,-102.88,293.00
1621445503.00,-0.79,-2.22,-2.52,-161.17,-172.25,-104.00,293.00
1621445503.00,-0.79,-2.22,-2.52,-161.83,-171.71,-104.40,293.00
1621445503.00,-0.79,-2.22,-2.53,-162.79,-171.84,-104.57,293.00
1621445503.00,-0.78,-2.23,-2.53,-165.25,-173.29,-104.76,293.00
1621445503.00,-0.78,-2.23,-2.54,-166.28,-173.63,-104.35,293.00
1621445503.00,-0.78,-2.24,-2.54,-166.98,-173.26,-103.87,293.00
1621445503.00,-0.78,-2.24,-2.55,-168.36,-173.27,-103.02,293.00
1621445503.00,-0.78,-2.24,-2.55,-168.53,-173.17,-103.05,293.00
1621445503.00,-0.78,-2.24,-2.55,-168.73,-173.24,-103.11,293.00
1621445504.00,-0.77,-2.26,-2.57,-175.48,-174.48,-98.11,294.00
1621445504.00,-0.77,-2.27,-2.58,-177.93,-176.06,-96.51,294.00
1621445504.00,-0.77,-2.27,-2.58,-179.24,-174.14,-95.40,294.00
1621445504.00,-0.77,-2.27,-2.58,-179.03,-174.11,-95.53,294.00
1621445504.00,-0.77,-2.27,-2.58,-178.89,-174.07,-95.66,294.00
1621445506.00,-0.77,-2.25,-2.59,-176.78,-173.82,-98.93,295.00
1621445506.00,-0.77,-2.25,-2.59,-177.85,-173.04,-97.61,295.00
1621445506.00,-0.76,-2.25,-2.60,-179.77,-173.14,-96.22,295.00
1621445506.00,-0.76,-2.25,-2.60,179.92,-173.19,-96.01,295.00
1621445506.00,-0.76,-2.25,-2.60,179.57,-173.29,-95.71,295.00
1621445506.00,-0.76,-2.26,-2.61,174.51,-173.00,-92.25,295.00
1621445506.00,-0.76,-2.26,-2.62,173.13,-172.84,-90.89,295.00
1621445506.00,-0.76,-2.27,-2.62,171.59,-173.02,-90.50,295.00
1621445509.00,-0.74,-2.25,-2.60,-179.36,-176.58,-103.28,296.00
1621445509.00,-0.74,-2.26,-2.61,177.66,-175.82,-100.99,296.00
1621445509.00,-0.74,-2.26,-2.61,177.86,-176.10,-101.25,296.00
1621445509.00,-0.73,-2.26,-2.61,178.78,-178.19,-102.45,296.00
1621445511.00,-0.73,-2.25,-2.62,177.78,-173.97,-104.18,297.00
1621445511.00,-0.73,-2.26,-2.62,177.64,-174.31,-104.11,297.00
1621445511.00,-0.73,-2.26,-2.62,177.61,-174.52,-104.12,297.00
1621445511.00,-0.73,-2.26,-2.64,172.59,-175.80,-99.64,297.00
1621445511.00,-0.73,-2.27,-2.64,170.97,-174.67,-99.56,297.00
1621445511.00,-0.73,-2.27,-2.64,170.71,-174.65,-99.45,297.00
1621445511.00,-0.73,-2.27,-2.65,170.12,-174.52,-99.02,297.00
1621445511.00,-0.73,-2.27,-2.65,169.27,-174.32,-98.35,297.00
1621445514.00,-0.71,-2.27,-2.66,170.10,-176.02,-104.20,298.00
1621445514.00,-0.71,-2.27,-2.66,169.66,-175.82,-103.95,298.00
1621445514.00,-0.71,-2.27,-2.66,168.81,-174.75,-103.12,298.00
1621445514.00,-0.71,-2.27,-2.66,169.53,-175.47,-102.66,298.00
1621445514.00,-0.70,-2.24,-2.64,176.47,-176.26,-107.33,298.00
1621445514.00,-0.71,-2.23,-2.64,177.91,-172.01,-112.85,298.00
1621445515.00,-0.71,-2.23,-2.64,176.56,-171.78,-112.05,299.00
1621445515.00,-0.70,-2.26,-2.66,173.41,-174.49,-107.89,299.00
1621445515.00,-0.71,-2.28,-2.68,160.39,-170.64,-101.90,299.00
1621445515.00,-0.71,-2.28,-2.69,159.95,-170.60,-101.11,299.00
1621445517.00,-0.69,-2.24,-2.67,169.84,-170.56,-110.98,300.00
1621445517.00,-0.69,-2.25,-2.68,168.99,-171.18,-110.14,300.00
1621445517.00,-0.69,-2.25,-2.68,167.66,-171.88,-108.30,300.00
1621445517.00,-0.69,-2.25,-2.68,167.67,-171.72,-108.50,300.00
1621445517.00,-0.69,-2.25,-2.68,167.32,-171.57,-108.14,300.00
1621445517.00,-0.69,-2.25,-2.69,166.25,-171.47,-107.51,300.00
1621445517.00,-0.69,-2.25,-2.69,165.94,-171.19,-107.64,300.00
1621445517.00,-0.69,-2.25,-2.69,165.23,-171.32,-107.02,300.00
1621445517.00,-0.69,-2.25,-2.69,165.09,-171.52,-106.89,300.00
1621445517.00,-0.68,-2.27,-2.70,162.70,-172.99,-105.99,300.00
1621445517.00,-0.68,-2.27,-2.70,162.73,-174.08,-105.14,300.00
1621445517.00,-0.68,-2.27,-2.71,161.86,-174.60,-104.67,300.00
1621445517.00,-0.67,-2.27,-2.71,162.19,-175.73,-104.21,300.00
1621445517.00,-0.67,-2.27,-2.71,162.26,-176.75,-103.79,300.00
